[17:21:10] [ServerMain/INFO]: [bootstrap] Running Java 25 (OpenJDK 64-Bit Server VM 25.0.2+10-LTS; Microsoft Microsoft-13053558) on Linux 6.8.0-1052-azure (amd64)
[17:21:10] [ServerMain/INFO]: [bootstrap] Loading Paper 26.2-84-main@26e81c4 (2026-07-26T18:11:33Z) for Minecraft 26.2
[17:21:10] [ServerMain/INFO]: [PluginInitializerManager] Initializing plugins...
[17:21:11] [ServerMain/INFO]: [PluginInitializerManager] Initialized 7 plugins
[17:21:11] [ServerMain/INFO]: [PluginInitializerManager] Bukkit plugins (7):
 - ItemEdit (3.7.10), LoginSecurity (3.2.0), OpenInv (5.3.3), SkinsRestorer (15.12.5), ViaBackwards (5.11.0), ViaVersion (5.11.0), sMusic (1.0)
[17:21:16] [DataConverter MCTypeRegistry init thread/INFO]: [ca.spottedleaf.dataconverter.minecraft.datatypes.MCTypeRegistry] Initialising converters for DataConverter...
[17:21:16] [ServerMain/WARN]: Failed to parse resource pack prompt 'JungleSMP Music Pack'
com.google.gson.JsonSyntaxException: com.google.gson.stream.MalformedJsonException: Use JsonReader.setStrictness(Strictness.LENIENT) to accept malformed JSON at line 1 column 1 path $
See https://github.com/google/gson/blob/main/Troubleshooting.md#malformed-json
	at com.google.gson.internal.Streams.parse(Streams.java:60) ~[gson-2.14.0.jar:?]
	at com.google.gson.JsonParser.parseReader(JsonParser.java:144) ~[gson-2.14.0.jar:?]
	at net.minecraft.util.StrictJsonParser.parse(StrictJsonParser.java:20) ~[paper-26.2.jar:26.2-84-26e81c4]
	at net.minecraft.util.StrictJsonParser.parse(StrictJsonParser.java:34) ~[paper-26.2.jar:26.2-84-26e81c4]
	at net.minecraft.server.dedicated.DedicatedServerProperties.parseResourcePackPrompt(DedicatedServerProperties.java:181) ~[paper-26.2.jar:26.2-84-26e81c4]
	at net.minecraft.server.dedicated.DedicatedServerProperties.getServerPackInfo(DedicatedServerProperties.java:227) ~[paper-26.2.jar:26.2-84-26e81c4]
	at net.minecraft.server.dedicated.DedicatedServerProperties.<init>(DedicatedServerProperties.java:147) ~[paper-26.2.jar:26.2-84-26e81c4]
	at net.minecraft.server.dedicated.DedicatedServerProperties.fromFile(DedicatedServerProperties.java:167) ~[paper-26.2.jar:26.2-84-26e81c4]
	at net.minecraft.server.dedicated.DedicatedServerSettings.<init>(DedicatedServerSettings.java:13) ~[paper-26.2.jar:26.2-84-26e81c4]
	at net.minecraft.server.Main.main(Main.java:124) ~[paper-26.2.jar:26.2-84-26e81c4]
	at io.papermc.paper.PaperBootstrap.boot(PaperBootstrap.java:25) ~[paper-26.2.jar:26.2-84-26e81c4]
	at org.bukkit.craftbukkit.Main.main(Main.java:204) ~[paper-26.2.jar:26.2-84-26e81c4]
	at io.papermc.paperclip.Paperclip.lambda$main$0(Paperclip.java:42) ~[?:?]
	at java.base/java.lang.Thread.run(Thread.java:1474) ~[?:?]
Caused by: com.google.gson.stream.MalformedJsonException: Use JsonReader.setStrictness(Strictness.LENIENT) to accept malformed JSON at line 1 column 1 path $
See https://github.com/google/gson/blob/main/Troubleshooting.md#malformed-json
	at com.google.gson.stream.JsonReader.syntaxError(JsonReader.java:1817) ~[gson-2.14.0.jar:?]
	at com.google.gson.stream.JsonReader.checkLenient(JsonReader.java:1613) ~[gson-2.14.0.jar:?]
	at com.google.gson.stream.JsonReader.doPeek(JsonReader.java:727) ~[gson-2.14.0.jar:?]
	at com.google.gson.stream.JsonReader.peek(JsonReader.java:545) ~[gson-2.14.0.jar:?]
	at com.google.gson.internal.Streams.parse(Streams.java:46) ~[gson-2.14.0.jar:?]
	... 13 more
[17:21:16] [ServerMain/WARN]: You have used the Paper command line EULA agreement flag.
[17:21:16] [ServerMain/WARN]: By using this setting you are indicating your agreement to Mojang's EULA (https://aka.ms/MinecraftEULA).
[17:21:16] [ServerMain/WARN]: If you do not agree to the above EULA please stop your server and remove this flag immediately.
[17:21:16] [ServerMain/INFO]: Environment: Environment[sessionHost=https://sessionserver.mojang.com, servicesHost=https://api.minecraftservices.com, profilesHost=https://api.mojang.com, name=PROD]
[17:21:16] [DataConverter MCTypeRegistry init thread/INFO]: [ca.spottedleaf.dataconverter.minecraft.datatypes.MCTypeRegistry] Finished initialising converters for DataConverter in 550.1ms
[17:21:19] [ServerMain/INFO]: Loaded 1585 recipes
[17:21:19] [ServerMain/INFO]: Loaded 1688 advancements
[17:21:19] [ServerMain/WARN]: Failed to parse resource pack prompt 'JungleSMP Music Pack'
com.google.gson.JsonSyntaxException: com.google.gson.stream.MalformedJsonException: Use JsonReader.setStrictness(Strictness.LENIENT) to accept malformed JSON at line 1 column 1 path $
See https://github.com/google/gson/blob/main/Troubleshooting.md#malformed-json
	at com.google.gson.internal.Streams.parse(Streams.java:60) ~[gson-2.14.0.jar:?]
	at com.google.gson.JsonParser.parseReader(JsonParser.java:144) ~[gson-2.14.0.jar:?]
	at net.minecraft.util.StrictJsonParser.parse(StrictJsonParser.java:20) ~[paper-26.2.jar:26.2-84-26e81c4]
	at net.minecraft.util.StrictJsonParser.parse(StrictJsonParser.java:34) ~[paper-26.2.jar:26.2-84-26e81c4]
	at net.minecraft.server.dedicated.DedicatedServerProperties.parseResourcePackPrompt(DedicatedServerProperties.java:181) ~[paper-26.2.jar:26.2-84-26e81c4]
	at net.minecraft.server.dedicated.DedicatedServerProperties.getServerPackInfo(DedicatedServerProperties.java:227) ~[paper-26.2.jar:26.2-84-26e81c4]
	at net.minecraft.server.dedicated.DedicatedServerProperties.<init>(DedicatedServerProperties.java:147) ~[paper-26.2.jar:26.2-84-26e81c4]
	at net.minecraft.server.dedicated.DedicatedServerProperties.reload(DedicatedServerProperties.java:174) ~[paper-26.2.jar:26.2-84-26e81c4]
	at net.minecraft.server.dedicated.DedicatedServerProperties.reload(DedicatedServerProperties.java:49) ~[paper-26.2.jar:26.2-84-26e81c4]
	at net.minecraft.server.dedicated.Settings$MutableValue.update(Settings.java:277) ~[paper-26.2.jar:26.2-84-26e81c4]
	at net.minecraft.server.dedicated.DedicatedServer.lambda$setMotd$0(DedicatedServer.java:741) ~[paper-26.2.jar:26.2-84-26e81c4]
	at net.minecraft.server.dedicated.DedicatedServerSettings.update(DedicatedServerSettings.java:26) ~[paper-26.2.jar:26.2-84-26e81c4]
	at net.minecraft.server.dedicated.DedicatedServer.setMotd(DedicatedServer.java:741) ~[paper-26.2.jar:26.2-84-26e81c4]
	at net.minecraft.server.dedicated.DedicatedServer.<init>(DedicatedServer.java:120) ~[paper-26.2.jar:26.2-84-26e81c4]
	at net.minecraft.server.Main.lambda$main$2(Main.java:325) ~[paper-26.2.jar:26.2-84-26e81c4]
	at net.minecraft.server.MinecraftServer.spin(MinecraftServer.java:310) ~[paper-26.2.jar:26.2-84-26e81c4]
	at net.minecraft.server.Main.main(Main.java:314) ~[paper-26.2.jar:26.2-84-26e81c4]
	at io.papermc.paper.PaperBootstrap.boot(PaperBootstrap.java:25) ~[paper-26.2.jar:26.2-84-26e81c4]
	at org.bukkit.craftbukkit.Main.main(Main.java:204) ~[paper-26.2.jar:26.2-84-26e81c4]
	at io.papermc.paperclip.Paperclip.lambda$main$0(Paperclip.java:42) ~[?:?]
	at java.base/java.lang.Thread.run(Thread.java:1474) ~[?:?]
Caused by: com.google.gson.stream.MalformedJsonException: Use JsonReader.setStrictness(Strictness.LENIENT) to accept malformed JSON at line 1 column 1 path $
See https://github.com/google/gson/blob/main/Troubleshooting.md#malformed-json
	at com.google.gson.stream.JsonReader.syntaxError(JsonReader.java:1817) ~[gson-2.14.0.jar:?]
	at com.google.gson.stream.JsonReader.checkLenient(JsonReader.java:1613) ~[gson-2.14.0.jar:?]
	at com.google.gson.stream.JsonReader.doPeek(JsonReader.java:727) ~[gson-2.14.0.jar:?]
	at com.google.gson.stream.JsonReader.peek(JsonReader.java:545) ~[gson-2.14.0.jar:?]
	at com.google.gson.internal.Streams.parse(Streams.java:46) ~[gson-2.14.0.jar:?]
	... 20 more
[17:21:19] [Server thread/INFO]: Starting minecraft server version 26.2
[17:21:19] [Server thread/INFO]: Loading properties
[17:21:19] [Server thread/INFO]: This server is running Paper version 26.2-84-main@26e81c4 (2026-07-26T18:11:33Z) (Implementing API version 26.2.build.84-stable)
[17:21:19] [Server thread/INFO]: [spark] This server bundles the spark profiler. For more information please visit https://docs.papermc.io/paper/profiling
[17:21:19] [Server thread/INFO]: Server Ping Player Sample Count: 12
[17:21:19] [Server thread/INFO]: Using 4 threads for Netty based IO
[17:21:20] [Server thread/INFO]: [MoonriseCommon] Paper is using 1 worker threads, 1 I/O threads
[17:21:20] [Server thread/INFO]: Default game type: SURVIVAL
[17:21:20] [Server thread/INFO]: Generating keypair
[17:21:20] [Server thread/INFO]: Starting Minecraft server on *:25565
[17:21:20] [Server thread/INFO]: Paper: Using libdeflate (Linux x86_64) compression from Velocity.
[17:21:20] [Server thread/INFO]: Paper: Using OpenSSL 3.x.x (Linux x86_64) cipher from Velocity.
[17:21:21] [Server thread/INFO]: [SpigotLibraryLoader] [OpenInv] Loading 1 libraries... please wait
[17:21:21] [Server thread/INFO]: [SpigotLibraryLoader] [OpenInv] Loaded library /workspaces/Tlatekuaserver/libraries/org/xerial/sqlite-jdbc/3.49.1.0/sqlite-jdbc-3.49.1.0.jar
[17:21:21] [Server thread/INFO]: [SpigotLibraryLoader] [ItemEdit] Loading 5 libraries... please wait
[17:21:21] [Server thread/INFO]: [SpigotLibraryLoader] [ItemEdit] Loaded library /workspaces/Tlatekuaserver/libraries/net/kyori/adventure-api/5.1.1/adventure-api-5.1.1.jar
[17:21:21] [Server thread/INFO]: [SpigotLibraryLoader] [ItemEdit] Loaded library /workspaces/Tlatekuaserver/libraries/net/kyori/adventure-key/5.1.1/adventure-key-5.1.1.jar
[17:21:21] [Server thread/INFO]: [SpigotLibraryLoader] [ItemEdit] Loaded library /workspaces/Tlatekuaserver/libraries/org/jspecify/jspecify/1.0.0/jspecify-1.0.0.jar
[17:21:21] [Server thread/INFO]: [SpigotLibraryLoader] [ItemEdit] Loaded library /workspaces/Tlatekuaserver/libraries/org/jetbrains/annotations/26.1.0/annotations-26.1.0.jar
[17:21:21] [Server thread/INFO]: [SpigotLibraryLoader] [ItemEdit] Loaded library /workspaces/Tlatekuaserver/libraries/net/kyori/adventure-platform-bukkit/4.4.1/adventure-platform-bukkit-4.4.1.jar
[17:21:21] [Server thread/INFO]: [SpigotLibraryLoader] [ItemEdit] Loaded library /workspaces/Tlatekuaserver/libraries/net/kyori/adventure-platform-api/4.4.1/adventure-platform-api-4.4.1.jar
[17:21:21] [Server thread/INFO]: [SpigotLibraryLoader] [ItemEdit] Loaded library /workspaces/Tlatekuaserver/libraries/net/kyori/adventure-text-serializer-bungeecord/4.4.1/adventure-text-serializer-bungeecord-4.4.1.jar
[17:21:21] [Server thread/INFO]: [SpigotLibraryLoader] [ItemEdit] Loaded library /workspaces/Tlatekuaserver/libraries/net/kyori/adventure-nbt/4.21.0/adventure-nbt-4.21.0.jar
[17:21:21] [Server thread/INFO]: [SpigotLibraryLoader] [ItemEdit] Loaded library /workspaces/Tlatekuaserver/libraries/net/kyori/examination-api/1.3.0/examination-api-1.3.0.jar
[17:21:21] [Server thread/INFO]: [SpigotLibraryLoader] [ItemEdit] Loaded library /workspaces/Tlatekuaserver/libraries/net/kyori/examination-string/1.3.0/examination-string-1.3.0.jar
[17:21:21] [Server thread/INFO]: [SpigotLibraryLoader] [ItemEdit] Loaded library /workspaces/Tlatekuaserver/libraries/net/kyori/adventure-text-serializer-gson-legacy-impl/4.21.0/adventure-text-serializer-gson-legacy-impl-4.21.0.jar
[17:21:21] [Server thread/INFO]: [SpigotLibraryLoader] [ItemEdit] Loaded library /workspaces/Tlatekuaserver/libraries/net/kyori/adventure-text-serializer-json-legacy-impl/4.21.0/adventure-text-serializer-json-legacy-impl-4.21.0.jar
[17:21:21] [Server thread/INFO]: [SpigotLibraryLoader] [ItemEdit] Loaded library /workspaces/Tlatekuaserver/libraries/net/kyori/adventure-platform-facet/4.4.1/adventure-platform-facet-4.4.1.jar
[17:21:21] [Server thread/INFO]: [SpigotLibraryLoader] [ItemEdit] Loaded library /workspaces/Tlatekuaserver/libraries/net/kyori/adventure-platform-viaversion/4.4.1/adventure-platform-viaversion-4.4.1.jar
[17:21:21] [Server thread/INFO]: [SpigotLibraryLoader] [ItemEdit] Loaded library /workspaces/Tlatekuaserver/libraries/net/kyori/adventure-text-minimessage/5.1.1/adventure-text-minimessage-5.1.1.jar
[17:21:21] [Server thread/INFO]: [SpigotLibraryLoader] [ItemEdit] Loaded library /workspaces/Tlatekuaserver/libraries/net/kyori/adventure-text-serializer-gson/5.1.1/adventure-text-serializer-gson-5.1.1.jar
[17:21:21] [Server thread/INFO]: [SpigotLibraryLoader] [ItemEdit] Loaded library /workspaces/Tlatekuaserver/libraries/net/kyori/adventure-text-serializer-json/5.1.1/adventure-text-serializer-json-5.1.1.jar
[17:21:21] [Server thread/INFO]: [SpigotLibraryLoader] [ItemEdit] Loaded library /workspaces/Tlatekuaserver/libraries/net/kyori/option/1.1.0/option-1.1.0.jar
[17:21:21] [Server thread/INFO]: [SpigotLibraryLoader] [ItemEdit] Loaded library /workspaces/Tlatekuaserver/libraries/com/google/code/gson/gson/2.13.2/gson-2.13.2.jar
[17:21:21] [Server thread/INFO]: [SpigotLibraryLoader] [ItemEdit] Loaded library /workspaces/Tlatekuaserver/libraries/com/google/errorprone/error_prone_annotations/2.41.0/error_prone_annotations-2.41.0.jar
[17:21:21] [Server thread/INFO]: [SpigotLibraryLoader] [ItemEdit] Loaded library /workspaces/Tlatekuaserver/libraries/com/google/auto/service/auto-service-annotations/1.1.1/auto-service-annotations-1.1.1.jar
[17:21:21] [Server thread/INFO]: [SpigotLibraryLoader] [ItemEdit] Loaded library /workspaces/Tlatekuaserver/libraries/net/kyori/adventure-text-serializer-commons/5.1.1/adventure-text-serializer-commons-5.1.1.jar
[17:21:21] [Server thread/INFO]: [SpigotLibraryLoader] [ItemEdit] Loaded library /workspaces/Tlatekuaserver/libraries/net/kyori/adventure-text-serializer-legacy/5.1.1/adventure-text-serializer-legacy-5.1.1.jar
[17:21:21] [Server thread/INFO]: [ViaVersion] Loading server plugin ViaVersion v5.11.0
[17:21:21] [Server thread/INFO]: [ViaVersion] ViaVersion 5.11.0 is now loaded. Registering protocol transformers and injecting...
[17:21:22] [Server thread/INFO]: [ViaBackwards] Loading translations...
[17:21:22] [Server thread/INFO]: [ViaBackwards] Registering protocols...
[17:21:22] [Server thread/INFO]: [ViaBackwards] Loading server plugin ViaBackwards v5.11.0
[17:21:22] [Server thread/INFO]: [SkinsRestorer] Loading server plugin SkinsRestorer v15.12.5
[17:21:22] [Server thread/INFO]: [OpenInv] Loading server plugin OpenInv v5.3.3
[17:21:22] [Server thread/INFO]: [ItemEdit] Loading server plugin ItemEdit v3.7.10
[17:21:22] [Server thread/INFO]: [sMusic] Loading server plugin sMusic v1.0
[17:21:22] [Server thread/INFO]: [LoginSecurity] Loading server plugin LoginSecurity v3.2.0
[17:21:22] [Server thread/INFO]: Server permissions file permissions.yml is empty, ignoring it
[17:21:22] [Server thread/INFO]: [SkinsRestorer] Enabling SkinsRestorer v15.12.5
[17:21:23] [Server thread/INFO]: [SkinsRestorer] Running on Minecraft 26.2.0.
[17:21:24] [Server thread/INFO]: [SkinsRestorer] Using paper join listener!
[17:21:24] [Server thread/WARN]: **** SERVER IS RUNNING IN OFFLINE/INSECURE MODE!
[17:21:24] [Server thread/WARN]: The server will make no attempt to authenticate usernames. Beware.
[17:21:24] [Server thread/WARN]: While this makes the game possible to play without internet access, it also opens up the ability for hackers to connect with any username they choose.
[17:21:24] [Server thread/WARN]: To change this, set "online-mode" to "true" in the server.properties file.
[17:21:24] [Server thread/INFO]: Preparing level "world"
[17:21:24] [Folia Async Scheduler Thread #1/INFO]: [SkinsRestorer] ----------------------------------------------
[17:21:24] [Folia Async Scheduler Thread #1/INFO]: [SkinsRestorer]     +===================+
[17:21:24] [Folia Async Scheduler Thread #1/INFO]: [SkinsRestorer]     |   SkinsRestorer   |
[17:21:24] [Folia Async Scheduler Thread #1/INFO]: [SkinsRestorer]     |-------------------|
[17:21:24] [Folia Async Scheduler Thread #1/INFO]: [SkinsRestorer]     |  Standalone Mode  |
[17:21:24] [Folia Async Scheduler Thread #1/INFO]: [SkinsRestorer]     +===================+
[17:21:24] [Folia Async Scheduler Thread #1/INFO]: [SkinsRestorer] ----------------------------------------------
[17:21:24] [Folia Async Scheduler Thread #1/INFO]: [SkinsRestorer]     Version: 15.12.5
[17:21:24] [Folia Async Scheduler Thread #1/INFO]: [SkinsRestorer]     Commit: 98b9488
[17:21:24] [Folia Async Scheduler Thread #1/INFO]: [SkinsRestorer]     This is the latest version!
[17:21:24] [Folia Async Scheduler Thread #1/INFO]: [SkinsRestorer] ----------------------------------------------
[17:21:24] [Folia Async Scheduler Thread #1/INFO]: [SkinsRestorer] Do you have issues? Read our troubleshooting guide: https://skinsrestorer.net/docs/troubleshooting
[17:21:24] [Folia Async Scheduler Thread #1/INFO]: [SkinsRestorer] Want to support SkinsRestorer or receive priority support? Become a supporter: https://skinsrestorer.net/pricing
[17:21:24] [Server thread/INFO]: Loading 25 persistent chunks for level 'minecraft:overworld'...
[17:21:24] [Server thread/INFO]: Preparing spawn area: 28%
[17:21:25] [Server thread/INFO]: Prepared spawn area in 943 ms
[17:21:25] [Server thread/INFO]: Loading 0 persistent chunks for level 'minecraft:the_nether'...
[17:21:25] [Server thread/INFO]: Prepared spawn area in 0 ms
[17:21:25] [Server thread/INFO]: Loading 0 persistent chunks for level 'minecraft:the_end'...
[17:21:25] [Server thread/INFO]: Preparing spawn area: 100%
[17:21:25] [Server thread/INFO]: Prepared spawn area in 1 ms
[17:21:25] [Server thread/INFO]: Done preparing level "world" (1.560s)
[17:21:25] [Server thread/INFO]: [ViaVersion] Enabling ViaVersion v5.11.0
[17:21:25] [Server thread/INFO]: [ViaVersion] ViaVersion detected server version: 26.2 (776)
[17:21:25] [Server thread/INFO]: [ViaBackwards] Enabling ViaBackwards v5.11.0
[17:21:25] [Server thread/INFO]: [OpenInv] Enabling OpenInv v5.3.3
[17:21:26] [Server thread/INFO]: [ItemEdit] Enabling ItemEdit v3.7.10
[17:21:26] [Server thread/INFO]: [ItemEdit] Hooking into MiniMessageAPI see https://webui.advntr.dev/
[17:21:26] [Server thread/INFO]: [ItemEdit] Selected Storage Type: YAML
[17:21:26] [Server thread/INFO]: [ItemEdit] Unable to hook into Vault
[17:21:26] [Server thread/INFO]: [ItemEdit] # Enabled (took 285 ms)
[17:21:26] [Server thread/INFO]: [sMusic] Enabling sMusic v1.0
[17:21:26] [Server thread/INFO]:      _____  
[17:21:26] [Server thread/INFO]:     / ____| 
[17:21:26] [Server thread/INFO]:    | (___   
[17:21:26] [Server thread/INFO]:     \___ \  
[17:21:26] [Server thread/INFO]:     ____) | 
[17:21:26] [Server thread/INFO]:    |_____/  
[17:21:26] [Server thread/INFO]: 
[17:21:26] [Server thread/INFO]:  sMusic [Enabled ✓]
[17:21:26] [Server thread/INFO]:  by x.com/SunnyAim_
[17:21:26] [Server thread/INFO]: 
[17:21:26] [Server thread/INFO]: [sMusic] 🔁 No changes detected (files/config), keeping existing pack.
[17:21:26] [Server thread/INFO]: [LoginSecurity] Enabling LoginSecurity v3.2.0
[17:21:26] [Server thread/INFO]: [LoginSecurity] Loading base translations from "en_us"
[17:21:26] [Server thread/INFO]: [LoginSecurity] Loading specified translations from "en_us"
[17:21:26] [Server thread/INFO]: [LoginSecurity] Registering commands...
[17:21:26] [Server thread/INFO]: [LoginSecurity] Registering listeners...
[17:21:26] [Server thread/WARN]: [LoginSecurity] "LoginSecurity v3.2.0" has registered a listener for org.spigotmc.event.player.PlayerSpawnLocationEvent on method "public void com.lenis0012.bukkit.loginsecurity.modules.general.PlayerListener.onPlayerSpawn(org.spigotmc.event.player.PlayerSpawnLocationEvent)", but the event is Deprecated. "Listening to this event causes the player to be created early. Using the player from this event will result in undefined behavior. Prefer AsyncPlayerSpawnLocationEvent."; please notify the authors [lenis0012].
[17:21:26] [Server thread/INFO]: [LoginSecurity] Using 1.12+ map captcha renderer
[17:21:26] [Server thread/INFO]: [spark] Starting background profiler...
[17:21:27] [Server thread/INFO]: Saving chunks for level 'ServerLevel[world]'/minecraft:overworld
[17:21:29] [Server thread/INFO]: Saving chunks for level 'ServerLevel[world]'/minecraft:the_nether
[17:21:30] [Server thread/INFO]: Saving chunks for level 'ServerLevel[world]'/minecraft:the_end
[17:21:31] [Server thread/INFO]: ThreadedAnvilChunkStorage (world): All chunks are saved
[17:21:31] [Server thread/INFO]: ThreadedAnvilChunkStorage (DIM-1): All chunks are saved
[17:21:31] [Server thread/INFO]: ThreadedAnvilChunkStorage (DIM1): All chunks are saved
[17:21:31] [Server thread/INFO]: ThreadedAnvilChunkStorage: All dimensions are saved
[17:21:31] [Server thread/INFO]: Running delayed init tasks
[17:21:31] [Server thread/INFO]: Done (22.474s)! For help, type "help"
[17:21:31] [Craft Scheduler Thread - 2 - ViaVersion/INFO]: [ViaVersion] Finished mapping loading, shutting down loader executor.
[17:21:31] [Paper Async Task Handler Thread - 1/INFO]: *** Currently you are 27 builds behind ***
[17:21:31] [Paper Async Task Handler Thread - 1/INFO]: *** It is highly recommended to download the latest build from https://papermc.io/downloads/paper ***
[17:24:13] [User Authenticator #0/INFO]: UUID of player volcon2 is 9c42fa87-f091-3883-9bf4-db229d9050dc
[17:24:13] [Server thread/INFO]: [HorriblePlayerLoginEventHack] You have plugins listening to the PlayerLoginEvent, this will cause re-configuration APIs to be unavailable: [LoginSecurity]
[17:24:36] [Server thread/INFO]: [Volcanos] volcon2 joined the game
[17:24:36] [Server thread/INFO]: volcon2[/127.78.109.241:54233] logged in with entity id 8 at ([minecraft:overworld]-18996.62455517998, 0.0, 4739.398563021349)
[17:25:15] [Server thread/INFO]: [Not Secure] [Server] hola
[17:25:16] [Server thread/INFO]: [Not Secure] [Server] tonoto
[17:25:18] [Async Chat Thread - #1/INFO]: [Not Secure] <volcon2> hola
[17:25:18] [Server thread/INFO]: [Not Secure] [Server] ya me conecto
[17:28:36] [Async Chat Thread - #2/INFO]: [Not Secure] <volcon2> no se que hacer
[17:28:40] [Async Chat Thread - #2/INFO]: [Not Secure] <volcon2> mi clan no se conecta
[17:28:42] [Async Chat Thread - #2/INFO]: [Not Secure] <volcon2> ns por que
[17:28:45] [Async Chat Thread - #2/INFO]: [Not Secure] <volcon2> se ponen de putitas
[17:31:11] [Server thread/INFO]: [Not Secure] [Server] aguantaaa
[17:31:36] [User Authenticator #1/INFO]: UUID of player Xautral is 86f4fd4a-173d-3e06-a1bf-669194d778d7
[17:31:55] [Server thread/INFO]: [Not Secure] [Server] Cuidado Chaval!, ha aparecido un Xautral salvaje!
[17:32:10] [Server thread/INFO]: Xautral joined the game
[17:32:10] [Server thread/INFO]: Xautral[/127.78.182.87:56181] logged in with entity id 2392 at ([minecraft:overworld]-32.69999998807907, 13.0, 119.30000001192093)
[17:32:25] [Async Chat Thread - #4/INFO]: [Not Secure] <volcon2> tengo mucha suerte pa los portales
[17:32:27] [Async Chat Thread - #4/INFO]: [Not Secure] <volcon2> hice este
[17:32:31] [Async Chat Thread - #4/INFO]: [Not Secure] <volcon2> y esta una bastion
[17:32:42] [Server thread/INFO]: Xautral issued server command: /clear
[17:32:42] [Server thread/INFO]: [Xautral: Removed 186 item(s) from player Xautral]
[17:32:44] [Server thread/INFO]: Xautral issued server command: /tp volcon2
[17:32:44] [Server thread/INFO]: [Xautral: Teleported Xautral to [Volcanos] volcon2]
[17:33:03] [Async Chat Thread - #4/INFO]: [Not Secure] <Xautral> hola sebastian!
[17:33:06] [Async Chat Thread - #4/INFO]: [Not Secure] <volcon2> e
[17:33:16] [Async Chat Thread - #4/INFO]: [Not Secure] <Xautral> vimos tus historias y estas bien cerdo, no te interesa entrenar?
[17:33:23] [Async Chat Thread - #4/INFO]: [Not Secure] <volcon2> no
[17:33:27] [Async Chat Thread - #4/INFO]: [Not Secure] <Xautral> no entendist
[17:33:42] [Server thread/INFO]: Xautral issued server command: /playsound minecraft:custom.grinchultimatum master @a ~ ~ ~ 0.7 1 1
[17:33:42] [Server thread/INFO]: [Xautral: Played sound minecraft:custom.grinchultimatum to 2 players]
[17:33:45] [Async Chat Thread - #4/INFO]: [Not Secure] <Xautral> uff ese rolón
[17:33:49] [Async Chat Thread - #4/INFO]: [Not Secure] <volcon2> nueva cancion?
[17:33:52] [Async Chat Thread - #4/INFO]: [Not Secure] <Xautral> si
[17:34:04] [Async Chat Thread - #4/INFO]: [Not Secure] <Xautral> es un A-Side de la cancion Ultimatum *guiño*
[17:34:26] [Async Chat Thread - #4/INFO]: [Not Secure] <Xautral> neta tengo sueños bien raros
[17:34:33] [Async Chat Thread - #4/INFO]: [Not Secure] <Xautral> pero raros ya rozando lo enfermo
[17:34:35] [Async Chat Thread - #4/INFO]: [Not Secure] <volcon2> como de que
[17:34:46] [Async Chat Thread - #4/INFO]: [Not Secure] <Xautral> ayer soñé que estaba en la universidad y me cogían
[17:34:50] [Async Chat Thread - #4/INFO]: [Not Secure] <Xautral> así litearlmente
[17:34:51] [Async Chat Thread - #4/INFO]: [Not Secure] <volcon2> wtf
[17:34:57] [Async Chat Thread - #4/INFO]: [Not Secure] <Xautral> y hoy soñe que roleaba con blime (?)
[17:34:57] [Async Chat Thread - #4/INFO]: [Not Secure] <volcon2> te follaban a ti?
[17:34:59] [Async Chat Thread - #4/INFO]: [Not Secure] <Xautral> si
[17:35:03] [Async Chat Thread - #4/INFO]: [Not Secure] <volcon2> wtf
[17:35:34] [Async Chat Thread - #4/INFO]: [Not Secure] <Xautral> ese w
[17:35:42] [Async Chat Thread - #4/INFO]: [Not Secure] <volcon2> me empujaron w
[17:35:43] [Async Chat Thread - #5/INFO]: [Not Secure] <Xautral> y ahora que estasn en el nether te pondré la cancion de Ultimatum
[17:35:46] [Async Chat Thread - #5/INFO]: [Not Secure] <Xautral> para que la compares
[17:35:54] [Server thread/INFO]: Xautral issued server command: /playsound minecraft:custom.ultimatum master @a ~ ~ ~ 0.7 1 1
[17:35:54] [Server thread/INFO]: [Xautral: Played sound minecraft:custom.ultimatum to 2 players]
[17:36:02] [Async Chat Thread - #5/INFO]: [Not Secure] <Xautral> es iguaaaaal
[17:36:06] [Async Chat Thread - #5/INFO]: [Not Secure] <volcon2> uff
[17:36:09] [Async Chat Thread - #5/INFO]: [Not Secure] <volcon2> es mejor
[17:36:13] [Async Chat Thread - #5/INFO]: [Not Secure] <Xautral> si
[17:36:18] [Async Chat Thread - #5/INFO]: [Not Secure] <Xautral> es que la otra era navideña
[17:36:30] [Async Chat Thread - #4/INFO]: [Not Secure] <Xautral> aparte esta viene de un fanmade de DUsttale
[17:36:36] [Async Chat Thread - #5/INFO]: [Not Secure] <Xautral> y ya sabes que esos weyes se maman con la música
[17:37:00] [Server thread/INFO]: Xautral issued server command: /item replace entity ea03dbc1-88ca-48e8-b7fa-bc17b4853a16 weapon with bow
[17:37:00] [Server thread/INFO]: [Xautral: Replaced a slot on Wither Skeleton with [Bow]]
[17:37:05] [Async Chat Thread - #5/INFO]: [Not Secure] <volcon2> ala mierda
[17:37:08] [Server thread/INFO]: Xautral issued server command: /item replace entity @n[type=minecraft:wither_skeleton] weapon with bow
[17:37:08] [Server thread/INFO]: [Xautral: Replaced a slot on Wither Skeleton with [Bow]]
[17:37:09] [Async Chat Thread - #5/INFO]: [Not Secure] <Xautral> qe
[17:37:17] [Async Chat Thread - #4/INFO]: [Not Secure] <Xautral> qe
[17:37:18] [Async Chat Thread - #4/INFO]: [Not Secure] <volcon2> ocupo prote
[17:37:19] [Server thread/INFO]: Xautral issued server command: /item replace entity @n[type=minecraft:wither_skeleton] weapon with bow
[17:37:19] [Server thread/INFO]: [Xautral: Replaced a slot on Wither Skeleton with [Bow]]
[17:37:21] [Async Chat Thread - #4/INFO]: [Not Secure] <volcon2> obligatoriamente
[17:37:55] [Async Chat Thread - #4/INFO]: [Not Secure] <Xautral> oye
[17:37:59] [Async Chat Thread - #4/INFO]: [Not Secure] <volcon2> esta bastion esta en un lugar muy
[17:38:00] [Async Chat Thread - #4/INFO]: [Not Secure] <Xautral> y si pongo los B-Sides de las canciones en el nether
[17:38:01] [Async Chat Thread - #4/INFO]: [Not Secure] <volcon2> adecuado
[17:38:04] [Async Chat Thread - #4/INFO]: [Not Secure] <Xautral> ty los A-Sides en el over
[17:38:06] [Async Chat Thread - #4/INFO]: [Not Secure] <volcon2> a ver
[17:38:08] [Async Chat Thread - #4/INFO]: [Not Secure] <Xautral> ty los remixes en el end
[17:38:10] [Async Chat Thread - #4/INFO]: [Not Secure] <volcon2> si
[17:38:27] [Server thread/INFO]: Xautral issued server command: /item replace entity @n[type=minecraft:wither_skeleton] weapon with bow
[17:38:27] [Server thread/INFO]: [Xautral: Replaced a slot on Wither Skeleton with [Bow]]
[17:38:40] [Server thread/INFO]: Xautral issued server command: /item replace entity @n[type=minecraft:wither_skeleton] weapon with bow
[17:38:40] [Server thread/INFO]: [Xautral: Replaced a slot on Wither Skeleton with [Bow]]
[17:38:44] [Server thread/INFO]: Xautral issued server command: /item replace entity @n[type=minecraft:wither_skeleton] weapon with bow
[17:38:44] [Server thread/INFO]: [Xautral: Replaced a slot on Wither Skeleton with [Bow]]
[17:38:47] [Server thread/INFO]: Xautral issued server command: /item replace entity @n[type=minecraft:wither_skeleton] weapon with bow
[17:38:47] [Server thread/INFO]: [Xautral: Replaced a slot on Wither Skeleton with [Bow]]
[17:38:49] [Server thread/INFO]: Xautral issued server command: /item replace entity @n[type=minecraft:wither_skeleton] weapon with bow
[17:38:49] [Server thread/INFO]: [Xautral: Replaced a slot on Wither Skeleton with [Bow]]
[17:38:50] [Server thread/INFO]: Xautral issued server command: /item replace entity @n[type=minecraft:wither_skeleton] weapon with bow
[17:38:50] [Server thread/INFO]: [Xautral: Replaced a slot on Wither Skeleton with [Bow]]
[17:38:52] [Server thread/INFO]: Xautral issued server command: /item replace entity @n[type=minecraft:wither_skeleton] weapon with bow
[17:38:52] [Server thread/INFO]: [Xautral: Replaced a slot on Wither Skeleton with [Bow]]
[17:39:01] [Async Chat Thread - #4/INFO]: [Not Secure] <volcon2> wtf
[17:39:05] [Async Chat Thread - #4/INFO]: [Not Secure] <Xautral> si
[17:39:27] [Async Chat Thread - #4/INFO]: [Not Secure] <volcon2> aca muero si no me voy
[17:39:47] [Server thread/INFO]: Xautral issued server command: /item replace entity @n[type=minecraft:wither_skeleton] weapon with bow
[17:39:47] [Server thread/INFO]: [Xautral: Replaced a slot on Wither Skeleton with [Bow]]
[17:39:51] [Server thread/INFO]: Xautral issued server command: /item replace entity @n[type=minecraft:wither_skeleton] weapon with bow
[17:39:51] [Server thread/INFO]: [Xautral: Replaced a slot on Wither Skeleton with [Bow]]
[17:39:58] [Server thread/INFO]: Xautral issued server command: /item replace entity @n[type=minecraft:wither_skeleton] weapon with bow
[17:39:58] [Server thread/INFO]: [Xautral: Replaced a slot on Wither Skeleton with [Bow]]
[17:40:05] [Server thread/INFO]: Xautral issued server command: /item replace entity @n[type=minecraft:wither_skeleton] weapon with bow
[17:40:05] [Server thread/INFO]: [Xautral: Replaced a slot on Wither Skeleton with [Bow]]
[17:40:06] [Server thread/INFO]: Xautral issued server command: /item replace entity @n[type=minecraft:wither_skeleton] weapon with bow
[17:40:06] [Server thread/INFO]: [Xautral: Replaced a slot on Wither Skeleton with [Bow]]
[17:40:13] [Server thread/INFO]: Xautral issued server command: /item replace entity @n[type=minecraft:wither_skeleton] weapon with bow
[17:40:13] [Server thread/INFO]: [Xautral: Replaced a slot on Wither Skeleton with [Bow]]
[17:40:18] [Async Chat Thread - #5/INFO]: [Not Secure] <Xautral> ostras kaky
[17:40:22] [Async Chat Thread - #5/INFO]: [Not Secure] <Xautral> KAKY NO
[17:40:23] [Async Chat Thread - #5/INFO]: [Not Secure] <Xautral> NOOO KAKY
[17:40:34] [Server thread/INFO]: Xautral issued server command: /item replace entity @n[type=minecraft:wither_skeleton] weapon with bow
[17:40:34] [Server thread/INFO]: [Xautral: Replaced a slot on Wither Skeleton with [Bow]]
[17:40:43] [Server thread/INFO]: Xautral issued server command: /item replace entity @n[type=minecraft:wither_skeleton] weapon with bow
[17:40:43] [Server thread/INFO]: [Xautral: Replaced a slot on Wither Skeleton with [Bow]]
[17:40:47] [Server thread/INFO]: Xautral issued server command: /item replace entity @n[type=minecraft:wither_skeleton] weapon with bow
[17:40:47] [Server thread/INFO]: [Xautral: Replaced a slot on Wither Skeleton with [Bow]]
[17:40:53] [Server thread/INFO]: Xautral issued server command: /item replace entity @e[type=minecraft:wither_skeleton,distance=..25] weapon with bow
[17:40:53] [Server thread/INFO]: [Xautral: Replaced a slot on 4 entities with [Bow]]
[17:40:57] [Server thread/INFO]: Xautral issued server command: /item replace entity @e[type=minecraft:wither_skeleton,distance=..25] weapon with bow
[17:40:57] [Server thread/INFO]: [Xautral: Replaced a slot on 2 entities with [Bow]]
[17:41:10] [Server thread/INFO]: Xautral issued server command: /playsound minecraft:custom.augustusrises master @a ~ ~ ~ 0.7 1 1
[17:41:10] [Server thread/INFO]: [Xautral: Played sound minecraft:custom.augustusrises to 2 players]
[17:41:13] [Server thread/INFO]: Xautral issued server command: /item replace entity @e[type=minecraft:wither_skeleton,distance=..25] weapon with bow
[17:41:13] [Server thread/INFO]: [Xautral: Replaced a slot on 3 entities with [Bow]]
[17:41:27] [Server thread/INFO]: Xautral issued server command: /item replace entity @e[type=minecraft:wither_skeleton,distance=..25] weapon with bow
[17:41:27] [Server thread/INFO]: [Xautral: Replaced a slot on 2 entities with [Bow]]
[17:41:56] [Async Chat Thread - #6/INFO]: [Not Secure] <Xautral> dios
[17:42:02] [Async Chat Thread - #6/INFO]: [Not Secure] <volcon2> no recuerdo ni donde etsa el portal
[17:42:02] [Async Chat Thread - #6/INFO]: [Not Secure] <Xautral> eiencraft desde vista top-down se ve increíble
[17:42:09] [Async Chat Thread - #6/INFO]: [Not Secure] <Xautral> ya lo v
[17:42:15] [Async Chat Thread - #6/INFO]: [Not Secure] <Xautral> teh aŕe un caminito
[17:42:32] [Server thread/INFO]: [Volcanos] volcon2 was doomed to fall
[17:42:37] [Server thread/INFO]: Xautral issued server command: /tp volcon2 Xautral
[17:42:37] [Server thread/INFO]: [Xautral: Teleported [Volcanos] volcon2 to Xautral]
[17:42:40] [Async Chat Thread - #6/INFO]: [Not Secure] <volcon2> ostia
[17:42:44] [Async Chat Thread - #6/INFO]: [Not Secure] <Xautral> el brochaco creyó que sobreviviría a la caída
[17:42:52] [Async Chat Thread - #6/INFO]: [Not Secure] <volcon2> ocupo encantamientos
[17:42:55] [Async Chat Thread - #6/INFO]: [Not Secure] <volcon2> urgentes
[17:42:57] [Server thread/INFO]: Xautral issued server command: /playsound minecraft:custom.grinchultimatum master @a ~ ~ ~ 0.7 0.8 1
[17:42:57] [Server thread/INFO]: [Xautral: Played sound minecraft:custom.grinchultimatum to 2 players]
[17:43:06] [Async Chat Thread - #6/INFO]: [Not Secure] <volcon2> tengo que farmear libros
[17:43:08] [Async Chat Thread - #6/INFO]: [Not Secure] <volcon2> muchos
[17:43:12] [Async Chat Thread - #6/INFO]: [Not Secure] <Xautral> tas grabando?
[17:43:16] [Async Chat Thread - #6/INFO]: [Not Secure] <volcon2> por que
[17:43:23] [Async Chat Thread - #6/INFO]: [Not Secure] <Xautral> hablas solo w
[17:43:33] [Async Chat Thread - #6/INFO]: [Not Secure] <Xautral> estaría vergas documentar el server con loquendo
[17:43:43] [Server thread/INFO]: Xautral issued server command: /tp volcon2
[17:43:43] [Server thread/INFO]: [Xautral: Teleported Xautral to [Volcanos] volcon2]
[17:43:43] [Async Chat Thread - #6/INFO]: [Not Secure] <volcon2> pero seria un admin
[17:43:48] [Async Chat Thread - #6/INFO]: [Not Secure] <Xautral> por eso
[17:43:49] [Async Chat Thread - #6/INFO]: [Not Secure] <Xautral> io :v
[17:43:55] [Async Chat Thread - #6/INFO]: [Not Secure] <volcon2> te aguanta lc pc?
[17:43:57] [Async Chat Thread - #6/INFO]: [Not Secure] <Xautral> no
[17:43:59] [Async Chat Thread - #6/INFO]: [Not Secure] <Xautral> esta
[17:44:01] [Async Chat Thread - #6/INFO]: [Not Secure] <Xautral> esta no*
[17:44:04] [Async Chat Thread - #6/INFO]: [Not Secure] <Xautral> ni el OBS
[17:44:08] [Async Chat Thread - #6/INFO]: [Not Secure] <Xautral> wey hice una grabacion
[17:44:10] [Async Chat Thread - #6/INFO]: [Not Secure] <Xautral> creo que todavia la tengo
[17:44:14] [Async Chat Thread - #6/INFO]: [Not Secure] <Xautral> 12 GB pesaba la chingadera
[17:44:16] [Async Chat Thread - #6/INFO]: [Not Secure] <volcon2> que mrd
[17:44:18] [Async Chat Thread - #6/INFO]: [Not Secure] <Xautral> y era puro sonido de turbina de avió
[17:44:18] [Async Chat Thread - #6/INFO]: [Not Secure] <volcon2> cuanto duraba
[17:44:21] [Async Chat Thread - #7/INFO]: [Not Secure] <Xautral> 5 minutos
[17:44:21] [Async Chat Thread - #7/INFO]: [Not Secure] <volcon2> wtf
[17:44:33] [Server thread/INFO]: Xautral issued server command: /tp volcon2
[17:44:33] [Server thread/INFO]: [Xautral: Teleported Xautral to [Volcanos] volcon2]
[17:44:40] [Async Chat Thread - #7/INFO]: [Not Secure] <volcon2> esta mierda estara dificl sin ayuda
[17:44:43] [Async Chat Thread - #7/INFO]: [Not Secure] <Xautral> que hiba hacer?
[17:44:56] [Async Chat Thread - #7/INFO]: [Not Secure] <Xautral> ah ya me acordé
[17:45:14] [Server thread/INFO]: Xautral issued server command: /playsound minecraft:custom.flim master @a ~ ~ ~ 0.7 0.7 1
[17:45:14] [Server thread/INFO]: [Xautral: Played sound minecraft:custom.flim to 2 players]
[17:45:22] [Async Chat Thread - #7/INFO]: [Not Secure] <volcon2> temazo
[17:45:28] [Server thread/INFO]: Xautral issued server command: /enchant @e[type=minecraft:skeleton] minecraft:power 5
[17:45:28] [Server thread/INFO]: [Xautral: Applied enchantment Power V to 24 entities]
[17:45:38] [Async Chat Thread - #7/INFO]: [Not Secure] <Xautral> Flim - Aphex Twin (Slowed)
[17:45:49] [Async Chat Thread - #7/INFO]: [Not Secure] <Xautral> muteate la lluvia y se escucha verguísima
[17:45:55] [Server thread/INFO]: Xautral issued server command: /tp volcon2
[17:45:55] [Server thread/INFO]: [Xautral: Teleported Xautral to [Volcanos] volcon2]
[17:46:02] [Async Chat Thread - #7/INFO]: [Not Secure] <volcon2> aca ya no se escucha la lluvia
[17:46:06] [Async Chat Thread - #7/INFO]: [Not Secure] <Xautral> 7
[17:46:11] [Async Chat Thread - #7/INFO]: [Not Secure] <Xautral> hubiera metido una de venetian snares
[17:46:14] [Async Chat Thread - #7/INFO]: [Not Secure] <Xautral> pero esta piterillas
[17:46:17] [Async Chat Thread - #7/INFO]: [Not Secure] <volcon2> vi por ahi que gan y fafa se quejaban del reinicio
[17:46:21] [Async Chat Thread - #7/INFO]: [Not Secure] <Xautral> si
[17:46:29] [Async Chat Thread - #7/INFO]: [Not Secure] <Xautral> litearlmente el 100% votó que si y fueron 5 personas
[17:46:42] [Async Chat Thread - #7/INFO]: [Not Secure] <volcon2> igual se quejan por que todo lo que tuvieron se lo regalo
[17:46:44] [Async Chat Thread - #7/INFO]: [Not Secure] <volcon2> mm
[17:46:45] [Async Chat Thread - #7/INFO]: [Not Secure] <volcon2> el
[17:46:48] [Async Chat Thread - #7/INFO]: [Not Secure] <volcon2> emblem
[17:48:24] [Async Chat Thread - #8/INFO]: [Not Secure] <Xautral> Ven conmigo si quieres vivir ahh
[17:48:28] [Async Chat Thread - #8/INFO]: [Not Secure] <volcon2> e
[17:48:45] [Async Chat Thread - #8/INFO]: [Not Secure] <Xautral> oye
[17:48:50] [Async Chat Thread - #8/INFO]: [Not Secure] <volcon2> mande
[17:48:50] [Async Chat Thread - #8/INFO]: [Not Secure] <Xautral> y si haces las bases de tus miembros en las escaleras?
[17:48:55] [Async Chat Thread - #8/INFO]: [Not Secure] <Xautral> para ocupar espacio
[17:48:59] [Async Chat Thread - #8/INFO]: [Not Secure] <volcon2> de mis pitos?=
[17:49:03] [Async Chat Thread - #8/INFO]: [Not Secure] <Xautral> 7777
[17:49:19] [Async Chat Thread - #8/INFO]: [Not Secure] <volcon2> como habitaciones?
[17:49:22] [Async Chat Thread - #8/INFO]: [Not Secure] <volcon2> personales
[17:49:23] [Async Chat Thread - #8/INFO]: [Not Secure] <Xautral> si
[17:49:28] [Async Chat Thread - #8/INFO]: [Not Secure] <Xautral> yo hacía eso en mi clan
[17:49:31] [Async Chat Thread - #8/INFO]: [Not Secure] <Xautral> ahce muuuucho
[17:49:34] [Async Chat Thread - #9/INFO]: [Not Secure] <volcon2> no deberian de hacerlo ellos?
[17:49:36] [Async Chat Thread - #9/INFO]: [Not Secure] <Xautral> en los años antes de cristo
[17:49:42] [Async Chat Thread - #9/INFO]: [Not Secure] <Xautral> no por que lo harán afuera
[17:49:47] [Async Chat Thread - #9/INFO]: [Not Secure] <Xautral> sonará como tirano
[17:49:48] [Async Chat Thread - #9/INFO]: [Not Secure] <volcon2> hare la mia
[17:49:51] [Async Chat Thread - #9/INFO]: [Not Secure] <volcon2> y abajo
[17:49:54] [Async Chat Thread - #9/INFO]: [Not Secure] <volcon2> puro trading
[17:50:02] [Async Chat Thread - #9/INFO]: [Not Secure] <Xautral> pero si tu no puedes controlar la presencia de tus miembros entonces no eres un lider, eres un miembro
[17:50:24] [Async Chat Thread - #9/INFO]: [Not Secure] <volcon2> oye como traere aldeanos bajo el agua?
[17:50:25] [Async Chat Thread - #9/INFO]: [Not Secure] <Xautral> -Kim Jong Un, 2011
[17:50:34] [Async Chat Thread - #9/INFO]: [Not Secure] <Xautral> agujero
[17:50:38] [Async Chat Thread - #9/INFO]: [Not Secure] <Xautral> cuerda
[17:50:39] [Async Chat Thread - #9/INFO]: [Not Secure] <Xautral> zzzz
[17:51:01] [Server thread/INFO]: Xautral issued server command: /playsound minecraft:custom.albertobalsalm master @a ~ ~ ~ 0.7 1.25 1
[17:51:01] [Server thread/INFO]: [Xautral: Played sound minecraft:custom.albertobalsalm to 2 players]
[17:51:07] [Async Chat Thread - #9/INFO]: [Not Secure] <volcon2> se pierde lo bonito de una ventana aca abajo
[17:51:15] [Async Chat Thread - #9/INFO]: [Not Secure] <volcon2> speed up?
[17:51:19] [Async Chat Thread - #9/INFO]: [Not Secure] <Xautral> maso
[17:51:21] [Async Chat Thread - #9/INFO]: [Not Secure] <Xautral> suena dlv
[17:51:24] [Async Chat Thread - #9/INFO]: [Not Secure] <volcon2> JAJA
[17:51:25] [Server thread/INFO]: Xautral issued server command: /stopsound @a
[17:51:25] [Server thread/INFO]: [Xautral: Stopped all sounds]
[17:51:29] [Server thread/INFO]: Xautral issued server command: /playsound minecraft:custom.albertobalsalm master @a ~ ~ ~ 0.7 1.05 1
[17:51:29] [Server thread/INFO]: [Xautral: Played sound minecraft:custom.albertobalsalm to 2 players]
[17:51:42] [Async Chat Thread - #9/INFO]: [Not Secure] <Xautral> ya no tanto
[17:51:49] [Async Chat Thread - #9/INFO]: [Not Secure] <volcon2> podria hacer trampas
[17:51:52] [Async Chat Thread - #9/INFO]: [Not Secure] <Xautral> pus si
[17:51:52] [Async Chat Thread - #9/INFO]: [Not Secure] <volcon2> cerca
[17:51:59] [Async Chat Thread - #9/INFO]: [Not Secure] <volcon2> como de que se caen en grava
[17:52:02] [Async Chat Thread - #9/INFO]: [Not Secure] <volcon2> y mueren por picos
[17:52:06] [Async Chat Thread - #9/INFO]: [Not Secure] <Xautral> stalacmitas
[17:52:14] [Async Chat Thread - #9/INFO]: [Not Secure] <volcon2> por que no creo que sepan sacar totems
[17:52:16] [Async Chat Thread - #9/INFO]: [Not Secure] <Xautral> las probé y pueden popear totem desde una altura de 5 bloques
[17:52:16] [Async Chat Thread - #9/INFO]: [Not Secure] <volcon2> y les daria hueva
[17:52:20] [Async Chat Thread - #9/INFO]: [Not Secure] <Xautral> si sirve w
[17:52:21] [Async Chat Thread - #8/INFO]: [Not Secure] <volcon2> yo hbare una granja
[17:52:22] [Async Chat Thread - #8/INFO]: [Not Secure] <Xautral> mira
[17:52:27] [Async Chat Thread - #8/INFO]: [Not Secure] <volcon2> de totemds
[17:52:29] [Server thread/INFO]: Xautral issued server command: /summon minecraft:mannequin
[17:52:29] [Server thread/INFO]: [Xautral: Summoned new Mannequin]
[17:52:36] [Async Chat Thread - #9/INFO]: [Not Secure] <volcon2> pero
[17:52:40] [Server thread/INFO]: Xautral issued server command: /item replace entity eeccb1d3-e11d-470d-bab5-636b72e39282 weapon with minecraft:totem_of_undying
[17:52:40] [Server thread/INFO]: [Xautral: Replaced a slot on Mannequin with [Totem of Undying]]
[17:52:44] [Async Chat Thread - #9/INFO]: [Not Secure] <volcon2> si tienen caida de pluma IV
[17:52:46] [Async Chat Thread - #9/INFO]: [Not Secure] <volcon2> y netherite?
[17:52:47] [Server thread/INFO]: Xautral issued server command: /item replace entity eeccb1d3-e11d-470d-bab5-636b72e39282 armor.legs with minecraft:netherite_leggings
[17:52:47] [Server thread/INFO]: [Xautral: Replaced a slot on Mannequin with [Netherite Leggings]]
[17:52:47] [Async Chat Thread - #9/INFO]: [Not Secure] <volcon2> JAJA
[17:52:51] [Async Chat Thread - #9/INFO]: [Not Secure] <volcon2> sera desde mas arriba
[17:52:53] [Server thread/INFO]: Xautral issued server command: /item replace entity eeccb1d3-e11d-470d-bab5-636b72e39282 armor.chest with minecraft:netherite_chestplate
[17:52:53] [Server thread/INFO]: [Xautral: Replaced a slot on Mannequin with [Netherite Chestplate]]
[17:53:00] [Server thread/INFO]: Xautral issued server command: /item replace entity eeccb1d3-e11d-470d-bab5-636b72e39282 armor.head with minecraft:netherite_helmet
[17:53:00] [Server thread/INFO]: [Xautral: Replaced a slot on Mannequin with [Netherite Helmet]]
[17:53:06] [Server thread/INFO]: Xautral issued server command: /item replace entity eeccb1d3-e11d-470d-bab5-636b72e39282 armor.feet with minecraft:netherite_boots
[17:53:06] [Server thread/INFO]: [Xautral: Replaced a slot on Mannequin with [Netherite Boots]]
[17:53:20] [Async Chat Thread - #9/INFO]: [Not Secure] <Xautral> vaya
[17:53:21] [Async Chat Thread - #9/INFO]: [Not Secure] <Xautral> pues no
[17:53:31] [Async Chat Thread - #9/INFO]: [Not Secure] <Xautral> wey
[17:53:34] [Async Chat Thread - #9/INFO]: [Not Secure] <volcon2> cuanto fue
[17:53:38] [Async Chat Thread - #9/INFO]: [Not Secure] <Xautral> edja veo
[17:53:42] [Server thread/INFO]: Xautral issued server command: /item replace entity eeccb1d3-e11d-470d-bab5-636b72e39282 weapon with minecraft:totem_of_undying
[17:53:42] [Server thread/INFO]: [Xautral: Replaced a slot on Mannequin with [Totem of Undying]]
[17:53:54] [Async Chat Thread - #9/INFO]: [Not Secure] <Xautral> 15 bloques
[17:54:03] [Async Chat Thread - #9/INFO]: [Not Secure] <Xautral> popeó?
[17:54:07] [Async Chat Thread - #9/INFO]: [Not Secure] <Xautral> no
[17:54:07] [Async Chat Thread - #9/INFO]: [Not Secure] <volcon2> no
[17:54:09] [Async Chat Thread - #9/INFO]: [Not Secure] <Xautral> haber
[17:54:20] [Async Chat Thread - #9/INFO]: [Not Secure] <volcon2> que mrd
[17:54:21] [Async Chat Thread - #9/INFO]: [Not Secure] <Xautral> que pedo
[17:54:22] [Async Chat Thread - #9/INFO]: [Not Secure] <volcon2> no popeo
[17:54:23] [Async Chat Thread - #9/INFO]: [Not Secure] <Xautral> antes si sirvió
[17:54:32] [Async Chat Thread - #9/INFO]: [Not Secure] <Xautral> ahh
[17:54:32] [Async Chat Thread - #9/INFO]: [Not Secure] <volcon2> uff
[17:54:34] [Async Chat Thread - #9/INFO]: [Not Secure] <Xautral> sollo srive con uno
[17:54:34] [Async Chat Thread - #9/INFO]: [Not Secure] <volcon2> pero
[17:54:37] [Async Chat Thread - #9/INFO]: [Not Secure] <volcon2> la trampa seria
[17:54:40] [Async Chat Thread - #9/INFO]: [Not Secure] <volcon2> que el cayera
[17:54:46] [Async Chat Thread - #9/INFO]: [Not Secure] <Xautral> haber
[17:54:47] [Async Chat Thread - #9/INFO]: [Not Secure] <Xautral> veamos
[17:54:58] [Async Chat Thread - #9/INFO]: [Not Secure] <volcon2> todo eso se meteran?
[17:55:04] [Async Chat Thread - #9/INFO]: [Not Secure] <Xautral> ese w
[17:55:06] [Async Chat Thread - #9/INFO]: [Not Secure] <volcon2> JAJA
[17:55:30] [Server thread/INFO]: Xautral issued server command: /summon minecraft:mannequin
[17:55:30] [Server thread/INFO]: [Xautral: Summoned new Mannequin]
[17:55:44] [Server thread/INFO]: Xautral issued server command: /item replace entity @n[type=minecraft:mannequin] weapon with minecraft:totem_of_undying
[17:55:44] [Server thread/INFO]: [Xautral: Replaced a slot on Mannequin with [Totem of Undying]]
[17:55:52] [Server thread/INFO]: Xautral issued server command: /item replace entity @n[type=minecraft:mannequin] armor.chest with minecraft:netherite_chestplate
[17:55:52] [Server thread/INFO]: [Xautral: Replaced a slot on Mannequin with [Netherite Chestplate]]
[17:55:54] [Async Chat Thread - #9/INFO]: [Not Secure] <volcon2> esto sera como mi pito
[17:55:56] [Async Chat Thread - #9/INFO]: [Not Secure] <volcon2> no te asustes
[17:56:00] [Server thread/INFO]: Xautral issued server command: /item replace entity @n[type=minecraft:mannequin] armor.legs with minecraft:netherite_leggings
[17:56:00] [Server thread/INFO]: [Xautral: Replaced a slot on Mannequin with [Netherite Leggings]]
[17:56:06] [Server thread/INFO]: Xautral issued server command: /item replace entity @n[type=minecraft:mannequin] armor.head with minecraft:netherite_helmet
[17:56:06] [Server thread/INFO]: [Xautral: Replaced a slot on Mannequin with [Netherite Helmet]]
[17:56:14] [Server thread/INFO]: Xautral issued server command: /item replace entity @n[type=minecraft:mannequin] armor.feet with minecraft:netherite_boots
[17:56:14] [Server thread/INFO]: [Xautral: Replaced a slot on Mannequin with [Netherite Boots]]
[17:56:18] [Async Chat Thread - #9/INFO]: [Not Secure] <Xautral> sip
[17:56:25] [Async Chat Thread - #9/INFO]: [Not Secure] <volcon2> pero
[17:56:29] [Server thread/INFO]: Xautral issued server command: /tp @n[type=minecraft:mannequin] Xautral
[17:56:29] [Server thread/INFO]: [Xautral: Teleported Mannequin to Xautral]
[17:56:30] [Async Chat Thread - #9/INFO]: [Not Secure] <volcon2> con caida de pluma
[17:56:33] [Async Chat Thread - #9/INFO]: [Not Secure] <Xautral> veamos como quedo su armor
[17:56:41] [Server thread/INFO]: Xautral issued server command: /kill ba7a2372-ab07-4814-a396-72d286613b70
[17:56:41] [Server thread/INFO]: [Xautral: Killed Mannequin]
[17:56:45] [Async Chat Thread - #9/INFO]: [Not Secure] <Xautral> hijo dwe putaaaa
[17:56:55] [Server thread/INFO]: Xautral issued server command: /enchant Xautral minecraft:feather_falling 50t
[17:56:56] [Server thread/INFO]: Xautral issued server command: /enchant Xautral minecraft:feather_falling 5
[17:56:57] [Server thread/INFO]: Xautral issued server command: /enchant Xautral minecraft:feather_falling 4
[17:56:57] [Server thread/INFO]: [Xautral: Applied enchantment Feather Falling IV to Xautral's item]
[17:57:04] [Server thread/INFO]: Xautral issued server command: /summon minecraft:mannequin
[17:57:04] [Server thread/INFO]: [Xautral: Summoned new Mannequin]
[17:57:09] [Server thread/INFO]: Xautral issued server command: /item replace entity @n[type=minecraft:mannequin] armor.feet with minecraft:netherite_boots
[17:57:09] [Server thread/INFO]: [Xautral: Replaced a slot on Mannequin with [Netherite Boots]]
[17:57:12] [Server thread/INFO]: Xautral issued server command: /item replace entity @n[type=minecraft:mannequin] armor.head with minecraft:netherite_helmet
[17:57:12] [Server thread/INFO]: [Xautral: Replaced a slot on Mannequin with [Netherite Helmet]]
[17:57:17] [Server thread/INFO]: Xautral issued server command: /item replace entity @n[type=minecraft:mannequin] armor.legs with minecraft:netherite_leggings
[17:57:17] [Server thread/INFO]: [Xautral: Replaced a slot on Mannequin with [Netherite Leggings]]
[17:57:18] [Async Chat Thread - #9/INFO]: [Not Secure] <volcon2> no estan encantadas las botas
[17:57:22] [Server thread/INFO]: Xautral issued server command: /item replace entity @n[type=minecraft:mannequin] armor.chest with minecraft:netherite_chestplate
[17:57:22] [Server thread/INFO]: [Xautral: Replaced a slot on Mannequin with [Netherite Chestplate]]
[17:57:24] [Server thread/INFO]: Xautral issued server command: /item replace entity @n[type=minecraft:mannequin] weapon with minecraft:totem_of_undying
[17:57:24] [Server thread/INFO]: [Xautral: Replaced a slot on Mannequin with [Totem of Undying]]
[17:57:25] [Async Chat Thread - #9/INFO]: [Not Secure] <volcon2> caida d pluma 4 y
[17:57:28] [Async Chat Thread - #9/INFO]: [Not Secure] <volcon2> prote 4
[17:57:32] [User Authenticator #2/INFO]: UUID of player Slimegolembross is eccfda82-36bb-34f6-990b-f38cbf3c2466
[17:57:34] [Server thread/INFO]: Xautral issued server command: /item replace entity @n[type=minecraft:mannequin] armor.feet from entity Xautral weapon
[17:57:34] [Server thread/INFO]: [Xautral: Replaced a slot on Mannequin with [Netherite Boots]]
[17:57:34] [User Authenticator #3/INFO]: UUID of player Slimegolembros is fb02b546-7f6c-3666-aaca-2e861bcf597e
[17:57:35] [Server thread/INFO]: [Dinastía Umbra] Slimegolembross joined the game
[17:57:35] [Server thread/INFO]: Slimegolembross[/127.111.223.202:35067] logged in with entity id 6844 at ([minecraft:overworld]-32.42673002558535, -57.0, 136.69999998807907)
[17:57:37] [Server thread/INFO]: Slimegolembros joined the game
[17:57:37] [Server thread/INFO]: Slimegolembros[/127.111.223.202:42805] logged in with entity id 6850 at ([minecraft:overworld]-37.95701262484235, -13.362506531724303, 136.40685717779974)
[17:57:37] [Server thread/INFO]: Xautral issued server command: /ie enchant protection 4
[17:57:39] [Server thread/INFO]: Xautral issued server command: /item replace entity @n[type=minecraft:mannequin] armor.feet from entity Xautral weapon
[17:57:39] [Server thread/INFO]: [Xautral: Replaced a slot on Mannequin with [Netherite Boots]]
[17:57:40] [Async Chat Thread - #9/INFO]: [Not Secure] <volcon2> hola slime
[17:57:41] [Async Chat Thread - #9/INFO]: [Not Secure] <Xautral> haber
[17:57:45] [Async Chat Thread - #9/INFO]: [Not Secure] <volcon2> el slime hizo su propio clan?
[17:57:49] [Async Chat Thread - #9/INFO]: [Not Secure] <Slimegolembross> hola
[17:57:49] [Async Chat Thread - #8/INFO]: [Not Secure] <Xautral> si
[17:57:50] [Async Chat Thread - #8/INFO]: [Not Secure] <volcon2> a cuanto quedo el cabron
[17:57:56] [Async Chat Thread - #8/INFO]: [Not Secure] <volcon2> como estas slime
[17:58:00] [Server thread/INFO]: Xautral issued server command: /attribute 26909ecc-6d91-4800-b69b-e54ccd4ef2b7 minecraft:max_health get
[17:58:00] [Async Chat Thread - #8/INFO]: [Not Secure] <Slimegolembros> bien
[17:58:04] [Async Chat Thread - #8/INFO]: [Not Secure] <Xautral> quedó a 20 de vida creo
[17:58:07] [Async Chat Thread - #8/INFO]: [Not Secure] <volcon2> nmms
[17:58:11] [Async Chat Thread - #8/INFO]: [Not Secure] <Xautral> ah no
[17:58:13] [Async Chat Thread - #8/INFO]: [Not Secure] <Xautral> no no se
[17:58:14] [Async Chat Thread - #8/INFO]: [Not Secure] <Xautral> no peduo verlo
[17:58:22] [Server thread/INFO]: Slimegolembros issued server command: /effect give Slimegolembros minecraft:night_vision infinite 1 true
[17:58:22] [Server thread/INFO]: [Slimegolembros: Applied effect Night Vision to Slimegolembros]
[17:58:26] [Server thread/INFO]: Slimegolembros issued server command: /effect give Slimegolembross minecraft:night_vision infinite 1 true
[17:58:26] [Server thread/INFO]: [Slimegolembros: Applied effect Night Vision to [Dinastía Umbra] Slimegolembross]
[17:58:34] [Async Chat Thread - #8/INFO]: [Not Secure] <volcon2> entonces mi pito tendria que ser mas afilado?
[17:58:35] [Server thread/INFO]: Xautral issued server command: /tp @n[type=minecraft:mannequin] Xautral
[17:58:35] [Server thread/INFO]: [Xautral: Teleported Mannequin to Xautral]
[17:58:40] [Async Chat Thread - #8/INFO]: [Not Secure] <Xautral> mira son 25 bloques
[17:58:42] [Async Chat Thread - #8/INFO]: [Not Secure] <volcon2> o como trendria que caer mas abajo de el
[17:58:58] [Async Chat Thread - #8/INFO]: [Not Secure] <Xautral> pues haber
[17:58:59] [Async Chat Thread - #8/INFO]: [Not Secure] <volcon2> deja cargo los audifonos
[17:59:14] [Server thread/INFO]: Xautral issued server command: /fill ~15 ~15 ~15 ~-15 ~-15 ~-15 air replace water
[17:59:14] [Server thread/INFO]: [Xautral: Successfully filled 1757 block(s)]
[17:59:19] [Server thread/INFO]: Xautral issued server command: /fill ~15 ~15 ~15 ~-15 ~-15 ~-15 air replace water
[17:59:19] [Server thread/INFO]: [Xautral: Successfully filled 280 block(s)]
[17:59:23] [Server thread/INFO]: Xautral issued server command: /fill ~15 ~15 ~15 ~-15 ~-15 ~-15 air replace water
[17:59:23] [Server thread/INFO]: [Xautral: Successfully filled 283 block(s)]
[17:59:43] [Async Chat Thread - #8/INFO]: [Not Secure] <Xautral> 35 bloques
[17:59:46] [Server thread/INFO]: Xautral issued server command: /tp @n[type=minecraft:mannequin] Xautral
[17:59:46] [Server thread/INFO]: [Xautral: Teleported Mannequin to Xautral]
[17:59:51] [Async Chat Thread - #8/INFO]: [Not Secure] <Slimegolembros> olle xau quieres que haga una tienda como la que hice la ultima vez pero ahora que si este bien hecha? me la curraria muchisimo :)
[17:59:57] [Async Chat Thread - #8/INFO]: [Not Secure] <Xautral> oc
[18:00:02] [Async Chat Thread - #8/INFO]: [Not Secure] <Slimegolembros> :D
[18:00:07] [Async Chat Thread - #8/INFO]: [Not Secure] <Xautral> hasta 35 bloques popea
[18:00:07] [Async Chat Thread - #8/INFO]: [Not Secure] <Slimegolembros> a preguntar a gemini
[18:00:11] [Async Chat Thread - #8/INFO]: [Not Secure] <Xautral> veamos como quedó su armor
[18:00:11] [Async Chat Thread - #8/INFO]: [Not Secure] <Slimegolembros> XD
[18:00:17] [Async Chat Thread - #8/INFO]: [Not Secure] <volcon2> ya vine
[18:00:17] [Server thread/INFO]: Slimegolembross lost connection: Disconnected
[18:00:18] [Server thread/INFO]: [Dinastía Umbra] Slimegolembross left the game
[18:00:25] [Async Chat Thread - #8/INFO]: [Not Secure] <volcon2> pero hasta con prote 4?
[18:00:28] [Server thread/INFO]: Xautral issued server command: /item replace entity Xautral weapon from entity 26909ecc-6d91-4800-b69b-e54ccd4ef2b7 armor.chest
[18:00:28] [Server thread/INFO]: [Xautral: Replaced a slot on Xautral with [Netherite Chestplate]]
[18:00:30] [Async Chat Thread - #8/INFO]: [Not Secure] <volcon2> o no importa eso
[18:00:36] [Async Chat Thread - #8/INFO]: [Not Secure] <Xautral> solo en la botas
[18:00:36] [Async Chat Thread - #8/INFO]: [Not Secure] <Xautral> y s
[18:00:39] [Async Chat Thread - #8/INFO]: [Not Secure] <Xautral> ittiene prote 4 y caida
[18:00:44] [Server thread/INFO]: Slimegolembros issued server command: /tp 2003030302 120 -193747
[18:00:44] [Async Chat Thread - #8/INFO]: [Not Secure] <volcon2> 25 bloques
[18:00:45] [Server thread/INFO]: Xautral issued server command: /item replace entity Xautral weapon from entity 26909ecc-6d91-4800-b69b-e54ccd4ef2b7 armor.legs
[18:00:45] [Server thread/INFO]: [Xautral: Replaced a slot on Xautral with [Netherite Leggings]]
[18:00:48] [Server thread/INFO]: Slimegolembros issued server command: /tp 2003030 120 -193747
[18:00:48] [Server thread/INFO]: [Slimegolembros: Teleported Slimegolembros to 2003030.500000, 120.000000, -193746.500000]
[18:00:49] [Server thread/INFO]: Xautral issued server command: /item replace entity Xautral weapon from entity 26909ecc-6d91-4800-b69b-e54ccd4ef2b7 armor.feet
[18:00:49] [Server thread/INFO]: [Xautral: Replaced a slot on Xautral with [Netherite Boots]]
[18:00:54] [Server thread/INFO]: Xautral issued server command: /item replace entity Xautral weapon from entity 26909ecc-6d91-4800-b69b-e54ccd4ef2b7 armor.chest
[18:00:54] [Server thread/INFO]: [Xautral: Replaced a slot on Xautral with [Netherite Chestplate]]
[18:01:00] [Server thread/INFO]: Xautral issued server command: /kill 26909ecc-6d91-4800-b69b-e54ccd4ef2b7
[18:01:00] [Server thread/INFO]: [Xautral: Killed Mannequin]
[18:01:02] [Async Chat Thread - #8/INFO]: [Not Secure] <volcon2> el unico que si farmearia totems seria el hellokitty
[18:01:09] [Async Chat Thread - #8/INFO]: [Not Secure] <Xautral> ¿?
[18:01:11] [Async Chat Thread - #8/INFO]: [Not Secure] <volcon2> pero es mi ally
[18:01:14] [Async Chat Thread - #8/INFO]: [Not Secure] <volcon2> asi que da igual
[18:01:20] [Async Chat Thread - #8/INFO]: [Not Secure] <volcon2> igual le daria a plech por ser d su clan
[18:01:22] [Async Chat Thread - #8/INFO]: [Not Secure] <Xautral> estemmm...
[18:01:24] [Async Chat Thread - #8/INFO]: [Not Secure] <Xautral> six seve
[18:01:46] [Server thread/INFO]: Xautral issued server command: /playsound minecraft:custom.saxlick master @a ~ ~ ~ 0.7 1 1
[18:01:46] [Server thread/INFO]: [Xautral: Played sound minecraft:custom.saxlick to 3 players]
[18:02:01] [Async Chat Thread - #8/INFO]: [Not Secure] <Xautral> lamida de sexo
[18:02:02] [Async Chat Thread - #8/INFO]: [Not Secure] <Xautral> digo
[18:02:04] [Async Chat Thread - #8/INFO]: [Not Secure] <Xautral> de saxo
[18:02:05] [Async Chat Thread - #8/INFO]: [Not Secure] <volcon2> que
[18:02:09] [Async Chat Thread - #8/INFO]: [Not Secure] <Xautral> sax lick
[18:02:11] [Async Chat Thread - #8/INFO]: [Not Secure] <Xautral> así se llama
[18:02:26] [Async Chat Thread - #8/INFO]: [Not Secure] <volcon2> creo que ya comenzare a farmear pa las granjas
[18:02:33] [Async Chat Thread - #8/INFO]: [Not Secure] <volcon2> por que no se hacer lo de los aldeanos
[18:02:33] [Server thread/INFO]: [Xautral: Set own game mode to Survival Mode]
[18:03:20] [Server thread/INFO]: Xautral issued server command: /tp 0 0 0
[18:03:20] [Server thread/INFO]: [Xautral: Teleported Xautral to 0.500000, 0.000000, 0.500000]
[18:03:20] [Server thread/INFO]: [Xautral: Set own game mode to Creative Mode]
[18:03:48] [Server thread/INFO]: [Not Secure] [@] Jjaja no estoy en el piso
[18:03:48] [Server thread/INFO]: [Not Secure] [@] Jjaja no estoy en el piso
[18:03:48] [Server thread/INFO]: [Not Secure] [@] Jjaja no estoy en el piso
[18:03:48] [Server thread/INFO]: [Not Secure] [@] Jjaja no estoy en el piso
[18:03:48] [Server thread/INFO]: [Not Secure] [@] Jjaja no estoy en el piso
[18:03:48] [Server thread/INFO]: [Not Secure] [@] Jjaja no estoy en el piso
[18:03:49] [Server thread/INFO]: [Not Secure] [@] Jjaja no estoy en el piso
[18:03:49] [Server thread/INFO]: [Not Secure] [@] Jjaja no estoy en el piso
[18:03:49] [Server thread/INFO]: [Not Secure] [@] Jjaja no estoy en el piso
[18:03:49] [Server thread/INFO]: [Not Secure] [@] Jjaja no estoy en el piso
[18:03:49] [Server thread/INFO]: [Not Secure] [@] Jjaja no estoy en el piso
[18:03:49] [Server thread/INFO]: [Not Secure] [@] Jjaja no estoy en el piso
[18:03:49] [Server thread/INFO]: [Not Secure] [@] Jjaja no estoy en el piso
[18:03:49] [Server thread/INFO]: [Not Secure] [@] Jjaja no estoy en el piso
[18:03:49] [Server thread/INFO]: [Not Secure] [@] Jjaja no estoy en el piso
[18:03:49] [Server thread/INFO]: [Not Secure] [@] Jjaja no estoy en el piso
[18:03:49] [Server thread/INFO]: [Not Secure] [@] Jjaja no estoy en el piso
[18:03:49] [Server thread/INFO]: [Not Secure] [@] Jjaja no estoy en el piso
[18:03:49] [Server thread/INFO]: [Not Secure] [@] Jjaja no estoy en el piso
[18:03:49] [Server thread/INFO]: [Not Secure] [@] Jjaja no estoy en el piso
[18:03:49] [Server thread/INFO]: [Not Secure] [@] Jjaja no estoy en el piso
[18:03:49] [Server thread/INFO]: [Not Secure] [@] Jjaja no estoy en el piso
[18:03:49] [Server thread/INFO]: [Not Secure] [@] Jjaja no estoy en el piso
[18:03:49] [Server thread/INFO]: [Not Secure] [@] Jjaja no estoy en el piso
[18:03:49] [Server thread/INFO]: [Not Secure] [@] Jjaja no estoy en el piso
[18:03:49] [Server thread/INFO]: [Not Secure] [@] Jjaja no estoy en el piso
[18:03:49] [Server thread/INFO]: [Not Secure] [@] Jjaja no estoy en el piso
[18:03:49] [Server thread/INFO]: [Not Secure] [@] Jjaja no estoy en el piso
[18:03:49] [Server thread/INFO]: [Not Secure] [@] Jjaja no estoy en el piso
[18:03:49] [Server thread/INFO]: [Not Secure] [@] Jjaja no estoy en el piso
[18:03:49] [Server thread/INFO]: [Not Secure] [@] Jjaja no estoy en el piso
[18:03:49] [Server thread/INFO]: [Not Secure] [@] Jjaja no estoy en el piso
[18:03:49] [Server thread/INFO]: [Not Secure] [@] Jjaja no estoy en el piso
[18:03:49] [Server thread/INFO]: [Not Secure] [@] Jjaja no estoy en el piso
[18:03:49] [Server thread/INFO]: [Not Secure] [@] Jjaja no estoy en el piso
[18:03:49] [Server thread/INFO]: [Not Secure] [@] Jjaja no estoy en el piso
[18:03:49] [Server thread/INFO]: [Not Secure] [@] Jjaja no estoy en el piso
[18:03:50] [Server thread/INFO]: [Not Secure] [@] Jjaja no estoy en el piso
[18:03:50] [Server thread/INFO]: [Not Secure] [@] Jjaja no estoy en el piso
[18:03:50] [Server thread/INFO]: [Not Secure] [@] Jjaja no estoy en el piso
[18:03:50] [Server thread/INFO]: [Not Secure] [@] Jjaja no estoy en el piso
[18:03:50] [Server thread/INFO]: [Not Secure] [@] Jjaja no estoy en el piso
[18:03:50] [Server thread/INFO]: [Not Secure] [@] Jjaja no estoy en el piso
[18:03:50] [Server thread/INFO]: [Not Secure] [@] Jjaja no estoy en el piso
[18:03:50] [Server thread/INFO]: [Not Secure] [@] Jjaja no estoy en el piso
[18:03:50] [Server thread/INFO]: [Not Secure] [@] Jjaja no estoy en el piso
[18:03:50] [Server thread/INFO]: [Not Secure] [@] Jjaja no estoy en el piso
[18:03:50] [Server thread/INFO]: [Not Secure] [@] Jjaja no estoy en el piso
[18:03:50] [Server thread/INFO]: [Not Secure] [@] Jjaja no estoy en el piso
[18:03:50] [Server thread/INFO]: [Not Secure] [@] Jjaja no estoy en el piso
[18:03:50] [Server thread/INFO]: [Not Secure] [@] Jjaja no estoy en el piso
[18:03:50] [Server thread/INFO]: [Not Secure] [@] Jjaja no estoy en el piso
[18:03:50] [Server thread/INFO]: [Not Secure] [@] Jjaja no estoy en el piso
[18:03:50] [Server thread/INFO]: [Not Secure] [@] Jjaja no estoy en el piso
[18:03:50] [Server thread/INFO]: [Not Secure] [@] Jjaja no estoy en el piso
[18:03:50] [Server thread/INFO]: [Not Secure] [@] Jjaja no estoy en el piso
[18:03:50] [Server thread/INFO]: [Not Secure] [@] Jjaja no estoy en el piso
[18:03:50] [Server thread/INFO]: [Not Secure] [@] Jjaja no estoy en el piso
[18:03:50] [Server thread/INFO]: [Not Secure] [@] Jjaja no estoy en el piso
[18:03:50] [Server thread/INFO]: [Not Secure] [@] Jjaja no estoy en el piso
[18:03:50] [Server thread/INFO]: [Not Secure] [@] Jjaja no estoy en el piso
[18:03:51] [Server thread/INFO]: [Not Secure] [@] Jjaja no estoy en el piso
[18:03:51] [Server thread/INFO]: [Not Secure] [@] Jjaja no estoy en el piso
[18:03:51] [Server thread/INFO]: [Not Secure] [@] Jjaja no estoy en el piso
[18:03:51] [Server thread/INFO]: [Not Secure] [@] Jjaja no estoy en el piso
[18:03:51] [Server thread/INFO]: [Not Secure] [@] Jjaja no estoy en el piso
[18:03:51] [Server thread/INFO]: [Not Secure] [@] Jjaja no estoy en el piso
[18:03:51] [Server thread/INFO]: [Not Secure] [@] Jjaja no estoy en el piso
[18:03:51] [Server thread/INFO]: [Not Secure] [@] Jjaja no estoy en el piso
[18:03:51] [Server thread/INFO]: [Not Secure] [@] Jjaja no estoy en el piso
[18:03:51] [Server thread/INFO]: [Not Secure] [@] Jjaja no estoy en el piso
[18:03:51] [Server thread/INFO]: [Not Secure] [@] Jjaja no estoy en el piso
[18:03:51] [Server thread/INFO]: [Not Secure] [@] Jjaja no estoy en el piso
[18:03:51] [Server thread/INFO]: [Not Secure] [@] Jjaja no estoy en el piso
[18:03:51] [Server thread/INFO]: [Not Secure] [@] Jjaja no estoy en el piso
[18:03:51] [Server thread/INFO]: [Not Secure] [@] Jjaja no estoy en el piso
[18:03:51] [Server thread/INFO]: [Not Secure] [@] Jjaja no estoy en el piso
[18:03:51] [Server thread/INFO]: [Not Secure] [@] Jjaja no estoy en el piso
[18:03:51] [Server thread/INFO]: [Not Secure] [@] Jjaja no estoy en el piso
[18:03:51] [Server thread/INFO]: [Not Secure] [@] Jjaja no estoy en el piso
[18:03:51] [Server thread/INFO]: [Not Secure] [@] Jjaja no estoy en el piso
[18:03:51] [Server thread/INFO]: [Not Secure] [@] Jjaja no estoy en el piso
[18:03:51] [Server thread/INFO]: [Not Secure] [@] Jjaja no estoy en el piso
[18:03:51] [Async Chat Thread - #10/INFO]: [Not Secure] <volcon2> que
[18:03:51] [Server thread/INFO]: [Not Secure] [@] Jjaja no estoy en el piso
[18:03:51] [Server thread/INFO]: [Not Secure] [@] Jjaja no estoy en el piso
[18:03:52] [Server thread/INFO]: [Not Secure] [@] Jjaja no estoy en el piso
[18:03:52] [Server thread/INFO]: [Not Secure] [@] Jjaja no estoy en el piso
[18:03:52] [Server thread/INFO]: [Not Secure] [@] Jjaja no estoy en el piso
[18:03:52] [Server thread/INFO]: [Not Secure] [@] Jjaja no estoy en el piso
[18:03:52] [Server thread/INFO]: [Not Secure] [@] Jjaja no estoy en el piso
[18:03:52] [Server thread/INFO]: [Not Secure] [@] Jjaja no estoy en el piso
[18:03:52] [Server thread/INFO]: [Not Secure] [@] Jjaja no estoy en el piso
[18:03:52] [Server thread/INFO]: [Not Secure] [@] Jjaja no estoy en el piso
[18:03:52] [Server thread/INFO]: [Not Secure] [@] Jjaja no estoy en el piso
[18:03:52] [Server thread/INFO]: [Not Secure] [@] Jjaja no estoy en el piso
[18:03:52] [Server thread/INFO]: [Not Secure] [@] Jjaja no estoy en el piso
[18:03:52] [Server thread/INFO]: [Not Secure] [@] Jjaja no estoy en el piso
[18:03:52] [Server thread/INFO]: [Not Secure] [@] Jjaja no estoy en el piso
[18:03:52] [Server thread/INFO]: [Not Secure] [@] Jjaja no estoy en el piso
[18:03:52] [Server thread/INFO]: [Not Secure] [@] Jjaja no estoy en el piso
[18:03:52] [Server thread/INFO]: [Not Secure] [@] Jjaja no estoy en el piso
[18:03:52] [Server thread/INFO]: [Not Secure] [@] Jjaja no estoy en el piso
[18:03:52] [Server thread/INFO]: [Not Secure] [@] Jjaja no estoy en el piso
[18:03:52] [Server thread/INFO]: [Not Secure] [@] Jjaja no estoy en el piso
[18:03:52] [Server thread/INFO]: [Not Secure] [@] Jjaja no estoy en el piso
[18:03:52] [Server thread/INFO]: [Not Secure] [@] Jjaja no estoy en el piso
[18:03:52] [Server thread/INFO]: [Not Secure] [@] Jjaja no estoy en el piso
[18:03:52] [Server thread/INFO]: [Not Secure] [@] Jjaja no estoy en el piso
[18:03:52] [Server thread/INFO]: [Not Secure] [@] Jjaja no estoy en el piso
[18:03:52] [Server thread/INFO]: [Not Secure] [@] Jjaja no estoy en el piso
[18:03:52] [Server thread/INFO]: [Not Secure] [@] Jjaja no estoy en el piso
[18:03:52] [Server thread/INFO]: [Not Secure] [@] Jjaja no estoy en el piso
[18:03:52] [Server thread/INFO]: [Not Secure] [@] Jjaja no estoy en el piso
[18:03:52] [Server thread/INFO]: [Not Secure] [@] Jjaja no estoy en el piso
[18:03:52] [Server thread/INFO]: [Not Secure] [@] Jjaja no estoy en el piso
[18:03:52] [Server thread/INFO]: [Not Secure] [@] Jjaja no estoy en el piso
[18:03:52] [Server thread/INFO]: [Not Secure] [[Volcanos] volcon2] Jjaja no estoy en el piso
[18:03:52] [Server thread/INFO]: [Not Secure] [Slimegolembros] Jjaja no estoy en el piso
[18:03:52] [Server thread/INFO]: [Not Secure] [[Volcanos] volcon2] Jjaja no estoy en el piso
[18:03:52] [Server thread/INFO]: [Not Secure] [Slimegolembros] Jjaja no estoy en el piso
[18:03:53] [Server thread/INFO]: [Not Secure] [[Volcanos] volcon2] Jjaja no estoy en el piso
[18:03:53] [Server thread/INFO]: [Not Secure] [Slimegolembros] Jjaja no estoy en el piso
[18:03:53] [Server thread/INFO]: [Not Secure] [[Volcanos] volcon2] Jjaja no estoy en el piso
[18:03:53] [Server thread/INFO]: [Not Secure] [Slimegolembros] Jjaja no estoy en el piso
[18:03:53] [Server thread/INFO]: [Not Secure] [[Volcanos] volcon2] Jjaja no estoy en el piso
[18:03:53] [Server thread/INFO]: [Not Secure] [Slimegolembros] Jjaja no estoy en el piso
[18:03:53] [Server thread/INFO]: [Not Secure] [[Volcanos] volcon2] Jjaja no estoy en el piso
[18:03:53] [Server thread/INFO]: [Not Secure] [Slimegolembros] Jjaja no estoy en el piso
[18:03:53] [Server thread/INFO]: [Not Secure] [[Volcanos] volcon2] Jjaja no estoy en el piso
[18:03:53] [Server thread/INFO]: [Not Secure] [Slimegolembros] Jjaja no estoy en el piso
[18:03:53] [Server thread/INFO]: [Not Secure] [[Volcanos] volcon2] Jjaja no estoy en el piso
[18:03:53] [Server thread/INFO]: [Not Secure] [Slimegolembros] Jjaja no estoy en el piso
[18:03:53] [Server thread/INFO]: [Not Secure] [Slimegolembros] Jjaja no estoy en el piso
[18:03:53] [Server thread/INFO]: [Not Secure] [[Volcanos] volcon2] Jjaja no estoy en el piso
[18:03:53] [Server thread/INFO]: [Not Secure] [Slimegolembros] Jjaja no estoy en el piso
[18:03:53] [Server thread/INFO]: [Not Secure] [[Volcanos] volcon2] Jjaja no estoy en el piso
[18:03:53] [Server thread/INFO]: [Not Secure] [Slimegolembros] Jjaja no estoy en el piso
[18:03:53] [Server thread/INFO]: [Not Secure] [[Volcanos] volcon2] Jjaja no estoy en el piso
[18:03:53] [Server thread/INFO]: [Not Secure] [Slimegolembros] Jjaja no estoy en el piso
[18:03:53] [Server thread/INFO]: [Not Secure] [[Volcanos] volcon2] Jjaja no estoy en el piso
[18:03:53] [Server thread/INFO]: [Not Secure] [Slimegolembros] Jjaja no estoy en el piso
[18:03:53] [Server thread/INFO]: [Not Secure] [[Volcanos] volcon2] Jjaja no estoy en el piso
[18:03:53] [Server thread/INFO]: [Not Secure] [Slimegolembros] Jjaja no estoy en el piso
[18:03:53] [Server thread/INFO]: [Not Secure] [[Volcanos] volcon2] Jjaja no estoy en el piso
[18:03:53] [Server thread/INFO]: [Not Secure] [Slimegolembros] Jjaja no estoy en el piso
[18:03:53] [Server thread/INFO]: [Not Secure] [[Volcanos] volcon2] Jjaja no estoy en el piso
[18:03:53] [Server thread/INFO]: [Not Secure] [Slimegolembros] Jjaja no estoy en el piso
[18:03:53] [Server thread/INFO]: [Not Secure] [[Volcanos] volcon2] Jjaja no estoy en el piso
[18:03:53] [Server thread/INFO]: [Not Secure] [Slimegolembros] Jjaja no estoy en el piso
[18:03:53] [Server thread/INFO]: [Not Secure] [Slimegolembros] Jjaja no estoy en el piso
[18:03:53] [Server thread/INFO]: [Not Secure] [Slimegolembros] Jjaja no estoy en el piso
[18:03:53] [Server thread/INFO]: [Not Secure] [Slimegolembros] Jjaja no estoy en el piso
[18:03:53] [Server thread/INFO]: [Not Secure] [Slimegolembros] Jjaja no estoy en el piso
[18:03:53] [Server thread/INFO]: [Not Secure] [Slimegolembros] Jjaja no estoy en el piso
[18:03:54] [Server thread/INFO]: [Not Secure] [Slimegolembros] Jjaja no estoy en el piso
[18:03:54] [Server thread/INFO]: [Not Secure] [Slimegolembros] Jjaja no estoy en el piso
[18:03:54] [Server thread/INFO]: [Not Secure] [Slimegolembros] Jjaja no estoy en el piso
[18:03:54] [Server thread/INFO]: [Not Secure] [Slimegolembros] Jjaja no estoy en el piso
[18:03:54] [Server thread/INFO]: [Not Secure] [Slimegolembros] Jjaja no estoy en el piso
[18:03:54] [Server thread/INFO]: [Not Secure] [Slimegolembros] Jjaja no estoy en el piso
[18:03:54] [Server thread/INFO]: [Not Secure] [Slimegolembros] Jjaja no estoy en el piso
[18:03:54] [Server thread/INFO]: [Not Secure] [Slimegolembros] Jjaja no estoy en el piso
[18:03:54] [Server thread/INFO]: [Not Secure] [Slimegolembros] Jjaja no estoy en el piso
[18:03:54] [Server thread/INFO]: [Not Secure] [Slimegolembros] Jjaja no estoy en el piso
[18:03:54] [Server thread/INFO]: [Not Secure] [Slimegolembros] Jjaja no estoy en el piso
[18:03:54] [Server thread/INFO]: [Not Secure] [[Volcanos] volcon2] Jjaja no estoy en el piso
[18:03:54] [Server thread/INFO]: [Not Secure] [[Volcanos] volcon2] Jjaja no estoy en el piso
[18:03:54] [Server thread/INFO]: [Not Secure] [Slimegolembros] Jjaja no estoy en el piso
[18:03:54] [Server thread/INFO]: [Not Secure] [[Volcanos] volcon2] Jjaja no estoy en el piso
[18:03:54] [Server thread/INFO]: [Not Secure] [Slimegolembros] Jjaja no estoy en el piso
[18:03:54] [Server thread/INFO]: [Not Secure] [[Volcanos] volcon2] Jjaja no estoy en el piso
[18:03:54] [Server thread/INFO]: [Not Secure] [Slimegolembros] Jjaja no estoy en el piso
[18:03:54] [Server thread/INFO]: [Not Secure] [[Volcanos] volcon2] Jjaja no estoy en el piso
[18:03:54] [Server thread/INFO]: [Not Secure] [Slimegolembros] Jjaja no estoy en el piso
[18:03:54] [Server thread/INFO]: [Not Secure] [[Volcanos] volcon2] Jjaja no estoy en el piso
[18:03:54] [Server thread/INFO]: [Not Secure] [Slimegolembros] Jjaja no estoy en el piso
[18:03:54] [Server thread/INFO]: [Not Secure] [[Volcanos] volcon2] Jjaja no estoy en el piso
[18:03:54] [Server thread/INFO]: [Not Secure] [Slimegolembros] Jjaja no estoy en el piso
[18:03:54] [Server thread/INFO]: [Not Secure] [[Volcanos] volcon2] Jjaja no estoy en el piso
[18:03:54] [Server thread/INFO]: [Not Secure] [Slimegolembros] Jjaja no estoy en el piso
[18:03:54] [Server thread/INFO]: [Not Secure] [Slimegolembros] Jjaja no estoy en el piso
[18:03:54] [Server thread/INFO]: [Not Secure] [Slimegolembros] Jjaja no estoy en el piso
[18:03:55] [Server thread/INFO]: [Not Secure] [Slimegolembros] Jjaja no estoy en el piso
[18:03:55] [Server thread/INFO]: [Not Secure] [Slimegolembros] Jjaja no estoy en el piso
[18:03:55] [Server thread/INFO]: [Not Secure] [[Volcanos] volcon2] Jjaja no estoy en el piso
[18:03:55] [Server thread/INFO]: [Not Secure] [Slimegolembros] Jjaja no estoy en el piso
[18:03:55] [Server thread/INFO]: [Not Secure] [[Volcanos] volcon2] Jjaja no estoy en el piso
[18:03:55] [Server thread/INFO]: [Not Secure] [Slimegolembros] Jjaja no estoy en el piso
[18:03:55] [Server thread/INFO]: [Not Secure] [[Volcanos] volcon2] Jjaja no estoy en el piso
[18:03:55] [Server thread/INFO]: [Not Secure] [Slimegolembros] Jjaja no estoy en el piso
[18:03:55] [Server thread/INFO]: [Not Secure] [[Volcanos] volcon2] Jjaja no estoy en el piso
[18:03:55] [Server thread/INFO]: [Not Secure] [Slimegolembros] Jjaja no estoy en el piso
[18:03:55] [Server thread/INFO]: [Not Secure] [[Volcanos] volcon2] Jjaja no estoy en el piso
[18:03:55] [Server thread/INFO]: [Not Secure] [Slimegolembros] Jjaja no estoy en el piso
[18:03:55] [Server thread/INFO]: [Not Secure] [[Volcanos] volcon2] Jjaja no estoy en el piso
[18:03:55] [Server thread/INFO]: [Not Secure] [Slimegolembros] Jjaja no estoy en el piso
[18:03:55] [Server thread/INFO]: [Not Secure] [[Volcanos] volcon2] Jjaja no estoy en el piso
[18:03:55] [Server thread/INFO]: [Not Secure] [Slimegolembros] Jjaja no estoy en el piso
[18:03:55] [Server thread/INFO]: [Not Secure] [[Volcanos] volcon2] Jjaja no estoy en el piso
[18:03:55] [Server thread/INFO]: [Not Secure] [Slimegolembros] Jjaja no estoy en el piso
[18:03:55] [Server thread/INFO]: [Not Secure] [[Volcanos] volcon2] Jjaja no estoy en el piso
[18:03:55] [Server thread/INFO]: [Not Secure] [Slimegolembros] Jjaja no estoy en el piso
[18:03:55] [Server thread/INFO]: [Not Secure] [[Volcanos] volcon2] Jjaja no estoy en el piso
[18:03:55] [Server thread/INFO]: [Not Secure] [Slimegolembros] Jjaja no estoy en el piso
[18:03:55] [Server thread/INFO]: [Not Secure] [[Volcanos] volcon2] Jjaja no estoy en el piso
[18:03:55] [Server thread/INFO]: [Not Secure] [Slimegolembros] Jjaja no estoy en el piso
[18:03:55] [Server thread/INFO]: [Not Secure] [[Volcanos] volcon2] Jjaja no estoy en el piso
[18:03:55] [Server thread/INFO]: [Not Secure] [Slimegolembros] Jjaja no estoy en el piso
[18:03:55] [Server thread/INFO]: [Not Secure] [[Volcanos] volcon2] Jjaja no estoy en el piso
[18:03:55] [Server thread/INFO]: [Not Secure] [Slimegolembros] Jjaja no estoy en el piso
[18:03:55] [Server thread/INFO]: [Not Secure] [Slimegolembros] Jjaja no estoy en el piso
[18:03:55] [Server thread/INFO]: [Not Secure] [[Volcanos] volcon2] Jjaja no estoy en el piso
[18:03:55] [Server thread/INFO]: [Not Secure] [Slimegolembros] Jjaja no estoy en el piso
[18:03:55] [Server thread/INFO]: [Not Secure] [[Volcanos] volcon2] Jjaja no estoy en el piso
[18:03:55] [Server thread/INFO]: [Not Secure] [Slimegolembros] Jjaja no estoy en el piso
[18:03:55] [Server thread/INFO]: [Not Secure] [[Volcanos] volcon2] Jjaja no estoy en el piso
[18:03:55] [Server thread/INFO]: [Not Secure] [Slimegolembros] Jjaja no estoy en el piso
[18:03:55] [Server thread/INFO]: [Not Secure] [[Volcanos] volcon2] Jjaja no estoy en el piso
[18:03:55] [Server thread/INFO]: [Not Secure] [Slimegolembros] Jjaja no estoy en el piso
[18:03:56] [Server thread/INFO]: [Not Secure] [[Volcanos] volcon2] Jjaja no estoy en el piso
[18:03:56] [Server thread/INFO]: [Not Secure] [Slimegolembros] Jjaja no estoy en el piso
[18:03:56] [Server thread/INFO]: [Not Secure] [[Volcanos] volcon2] Jjaja no estoy en el piso
[18:03:56] [Server thread/INFO]: [Not Secure] [Slimegolembros] Jjaja no estoy en el piso
[18:03:56] [Server thread/INFO]: [Not Secure] [Slimegolembros] Jjaja no estoy en el piso
[18:03:56] [Server thread/INFO]: [Not Secure] [[Volcanos] volcon2] Jjaja no estoy en el piso
[18:03:56] [Server thread/INFO]: [Not Secure] [[Volcanos] volcon2] Jjaja no estoy en el piso
[18:03:56] [Server thread/INFO]: [Not Secure] [Slimegolembros] Jjaja no estoy en el piso
[18:03:56] [Server thread/INFO]: [Not Secure] [[Volcanos] volcon2] Jjaja no estoy en el piso
[18:03:56] [Server thread/INFO]: [Not Secure] [Slimegolembros] Jjaja no estoy en el piso
[18:03:56] [Server thread/INFO]: [Not Secure] [[Volcanos] volcon2] Jjaja no estoy en el piso
[18:03:56] [Server thread/INFO]: [Not Secure] [Slimegolembros] Jjaja no estoy en el piso
[18:03:56] [Server thread/INFO]: [Not Secure] [[Volcanos] volcon2] Jjaja no estoy en el piso
[18:03:56] [Server thread/INFO]: [Not Secure] [Slimegolembros] Jjaja no estoy en el piso
[18:03:56] [Server thread/INFO]: [Not Secure] [Slimegolembros] Jjaja no estoy en el piso
[18:03:56] [Server thread/INFO]: [Not Secure] [[Volcanos] volcon2] Jjaja no estoy en el piso
[18:03:56] [Server thread/INFO]: [Not Secure] [Slimegolembros] Jjaja no estoy en el piso
[18:03:56] [Server thread/INFO]: [Not Secure] [[Volcanos] volcon2] Jjaja no estoy en el piso
[18:03:56] [Server thread/INFO]: [Not Secure] [Slimegolembros] Jjaja no estoy en el piso
[18:03:56] [Server thread/INFO]: [Not Secure] [[Volcanos] volcon2] Jjaja no estoy en el piso
[18:03:56] [Server thread/INFO]: [Not Secure] [Slimegolembros] Jjaja no estoy en el piso
[18:03:56] [Server thread/INFO]: [Not Secure] [[Volcanos] volcon2] Jjaja no estoy en el piso
[18:03:56] [Server thread/INFO]: [Not Secure] [Slimegolembros] Jjaja no estoy en el piso
[18:03:56] [Server thread/INFO]: [Not Secure] [[Volcanos] volcon2] Jjaja no estoy en el piso
[18:03:56] [Server thread/INFO]: [Not Secure] [Slimegolembros] Jjaja no estoy en el piso
[18:03:56] [Server thread/INFO]: [Not Secure] [[Volcanos] volcon2] Jjaja no estoy en el piso
[18:03:56] [Server thread/INFO]: [Not Secure] [Slimegolembros] Jjaja no estoy en el piso
[18:03:56] [Server thread/INFO]: [Not Secure] [[Volcanos] volcon2] Jjaja no estoy en el piso
[18:03:56] [Server thread/INFO]: [Not Secure] [Slimegolembros] Jjaja no estoy en el piso
[18:03:56] [Server thread/INFO]: [Not Secure] [[Volcanos] volcon2] Jjaja no estoy en el piso
[18:03:56] [Server thread/INFO]: [Not Secure] [Slimegolembros] Jjaja no estoy en el piso
[18:03:56] [Server thread/INFO]: [Not Secure] [[Volcanos] volcon2] Jjaja no estoy en el piso
[18:03:56] [Server thread/INFO]: [Not Secure] [Slimegolembros] Jjaja no estoy en el piso
[18:03:56] [Server thread/INFO]: [Not Secure] [[Volcanos] volcon2] Jjaja no estoy en el piso
[18:03:56] [Server thread/INFO]: [Not Secure] [Slimegolembros] Jjaja no estoy en el piso
[18:03:56] [Server thread/INFO]: [Not Secure] [Xautral] Jjaja no estoy en el piso
[18:03:56] [Server thread/INFO]: [Not Secure] [[Volcanos] volcon2] Jjaja no estoy en el piso
[18:03:56] [Server thread/INFO]: [Not Secure] [Slimegolembros] Jjaja no estoy en el piso
[18:03:56] [Server thread/INFO]: [Not Secure] [Xautral] Jjaja no estoy en el piso
[18:03:56] [Server thread/INFO]: [Not Secure] [Slimegolembros] Jjaja no estoy en el piso
[18:03:57] [Server thread/INFO]: [Not Secure] [Xautral] Jjaja no estoy en el piso
[18:03:57] [Server thread/INFO]: [Not Secure] [[Volcanos] volcon2] Jjaja no estoy en el piso
[18:03:57] [Server thread/INFO]: [Not Secure] [Slimegolembros] Jjaja no estoy en el piso
[18:03:57] [Server thread/INFO]: [Not Secure] [[Volcanos] volcon2] Jjaja no estoy en el piso
[18:03:57] [Server thread/INFO]: [Not Secure] [Slimegolembros] Jjaja no estoy en el piso
[18:03:57] [Server thread/INFO]: [Not Secure] [[Volcanos] volcon2] Jjaja no estoy en el piso
[18:03:57] [Server thread/INFO]: [Not Secure] [Slimegolembros] Jjaja no estoy en el piso
[18:03:57] [Server thread/INFO]: [Not Secure] [[Volcanos] volcon2] Jjaja no estoy en el piso
[18:03:57] [Server thread/INFO]: [Not Secure] [Slimegolembros] Jjaja no estoy en el piso
[18:03:57] [Server thread/INFO]: [Not Secure] [[Volcanos] volcon2] Jjaja no estoy en el piso
[18:03:57] [Server thread/INFO]: [Not Secure] [Slimegolembros] Jjaja no estoy en el piso
[18:03:57] [Server thread/INFO]: [Not Secure] [[Volcanos] volcon2] Jjaja no estoy en el piso
[18:03:57] [Server thread/INFO]: [Not Secure] [Slimegolembros] Jjaja no estoy en el piso
[18:03:57] [Server thread/INFO]: [Not Secure] [[Volcanos] volcon2] Jjaja no estoy en el piso
[18:03:57] [Server thread/INFO]: [Not Secure] [Slimegolembros] Jjaja no estoy en el piso
[18:03:57] [Server thread/INFO]: [Not Secure] [Xautral] Jjaja no estoy en el piso
[18:03:57] [Server thread/INFO]: [Not Secure] [Slimegolembros] Jjaja no estoy en el piso
[18:03:57] [Server thread/INFO]: [Not Secure] [[Volcanos] volcon2] Jjaja no estoy en el piso
[18:03:57] [Server thread/INFO]: [Not Secure] [Xautral] Jjaja no estoy en el piso
[18:03:57] [Server thread/INFO]: [Not Secure] [Slimegolembros] Jjaja no estoy en el piso
[18:03:57] [Server thread/INFO]: [Not Secure] [Xautral] Jjaja no estoy en el piso
[18:03:57] [Server thread/INFO]: [Not Secure] [Slimegolembros] Jjaja no estoy en el piso
[18:03:57] [Server thread/INFO]: [Not Secure] [Xautral] Jjaja no estoy en el piso
[18:03:57] [Server thread/INFO]: [Not Secure] [Slimegolembros] Jjaja no estoy en el piso
[18:03:57] [Server thread/INFO]: [Not Secure] [[Volcanos] volcon2] Jjaja no estoy en el piso
[18:03:57] [Server thread/INFO]: [Not Secure] [Xautral] Jjaja no estoy en el piso
[18:03:57] [Server thread/INFO]: [Not Secure] [[Volcanos] volcon2] Jjaja no estoy en el piso
[18:03:57] [Server thread/INFO]: [Not Secure] [Slimegolembros] Jjaja no estoy en el piso
[18:03:57] [Server thread/INFO]: [Not Secure] [Xautral] Jjaja no estoy en el piso
[18:03:57] [Server thread/INFO]: [Not Secure] [[Volcanos] volcon2] Jjaja no estoy en el piso
[18:03:57] [Server thread/INFO]: [Not Secure] [Slimegolembros] Jjaja no estoy en el piso
[18:03:57] [Server thread/INFO]: [Not Secure] [Xautral] Jjaja no estoy en el piso
[18:03:57] [Server thread/INFO]: [Not Secure] [[Volcanos] volcon2] Jjaja no estoy en el piso
[18:03:57] [Server thread/INFO]: [Not Secure] [Slimegolembros] Jjaja no estoy en el piso
[18:03:57] [Server thread/INFO]: [Not Secure] [Xautral] Jjaja no estoy en el piso
[18:03:57] [Server thread/INFO]: [Not Secure] [Slimegolembros] Jjaja no estoy en el piso
[18:03:57] [Server thread/INFO]: [Not Secure] [[Volcanos] volcon2] Jjaja no estoy en el piso
[18:03:57] [Server thread/INFO]: [Not Secure] [Xautral] Jjaja no estoy en el piso
[18:03:57] [Server thread/INFO]: [Not Secure] [[Volcanos] volcon2] Jjaja no estoy en el piso
[18:03:57] [Server thread/INFO]: [Not Secure] [Slimegolembros] Jjaja no estoy en el piso
[18:03:57] [Server thread/INFO]: [Not Secure] [Xautral] Jjaja no estoy en el piso
[18:03:57] [Server thread/INFO]: [Not Secure] [[Volcanos] volcon2] Jjaja no estoy en el piso
[18:03:57] [Server thread/INFO]: [Not Secure] [Slimegolembros] Jjaja no estoy en el piso
[18:03:57] [Server thread/INFO]: [Not Secure] [Xautral] Jjaja no estoy en el piso
[18:03:57] [Server thread/INFO]: [Not Secure] [[Volcanos] volcon2] Jjaja no estoy en el piso
[18:03:57] [Server thread/INFO]: [Not Secure] [Slimegolembros] Jjaja no estoy en el piso
[18:03:57] [Server thread/INFO]: [Not Secure] [Xautral] Jjaja no estoy en el piso
[18:03:57] [Server thread/INFO]: [Not Secure] [[Volcanos] volcon2] Jjaja no estoy en el piso
[18:03:57] [Server thread/INFO]: [Not Secure] [Slimegolembros] Jjaja no estoy en el piso
[18:03:57] [Server thread/INFO]: [Not Secure] [Xautral] Jjaja no estoy en el piso
[18:03:57] [Server thread/INFO]: [Not Secure] [Slimegolembros] Jjaja no estoy en el piso
[18:03:57] [Server thread/INFO]: [Not Secure] [[Volcanos] volcon2] Jjaja no estoy en el piso
[18:03:58] [Server thread/INFO]: [Not Secure] [Xautral] Jjaja no estoy en el piso
[18:03:58] [Server thread/INFO]: [Not Secure] [[Volcanos] volcon2] Jjaja no estoy en el piso
[18:03:58] [Server thread/INFO]: [Not Secure] [Slimegolembros] Jjaja no estoy en el piso
[18:03:58] [Server thread/INFO]: [Not Secure] [Xautral] Jjaja no estoy en el piso
[18:03:58] [Server thread/INFO]: [Not Secure] [Slimegolembros] Jjaja no estoy en el piso
[18:03:58] [Server thread/INFO]: [Not Secure] [Xautral] Jjaja no estoy en el piso
[18:03:58] [Server thread/INFO]: [Not Secure] [[Volcanos] volcon2] Jjaja no estoy en el piso
[18:03:58] [Server thread/INFO]: [Not Secure] [Slimegolembros] Jjaja no estoy en el piso
[18:03:58] [Server thread/INFO]: [Not Secure] [[Volcanos] volcon2] Jjaja no estoy en el piso
[18:03:58] [Server thread/INFO]: [Not Secure] [Slimegolembros] Jjaja no estoy en el piso
[18:03:58] [Server thread/INFO]: [Not Secure] [Xautral] Jjaja no estoy en el piso
[18:03:58] [Server thread/INFO]: [Not Secure] [Slimegolembros] Jjaja no estoy en el piso
[18:03:58] [Server thread/INFO]: [Not Secure] [[Volcanos] volcon2] Jjaja no estoy en el piso
[18:03:58] [Server thread/INFO]: [Not Secure] [Xautral] Jjaja no estoy en el piso
[18:03:58] [Server thread/INFO]: [Not Secure] [Xautral] Jjaja no estoy en el piso
[18:03:58] [Server thread/INFO]: [Not Secure] [[Volcanos] volcon2] Jjaja no estoy en el piso
[18:03:58] [Server thread/INFO]: [Not Secure] [Slimegolembros] Jjaja no estoy en el piso
[18:03:58] [Server thread/INFO]: [Not Secure] [Xautral] Jjaja no estoy en el piso
[18:03:58] [Server thread/INFO]: [Not Secure] [[Volcanos] volcon2] Jjaja no estoy en el piso
[18:03:58] [Server thread/INFO]: [Not Secure] [Slimegolembros] Jjaja no estoy en el piso
[18:03:58] [Server thread/INFO]: [Not Secure] [Xautral] Jjaja no estoy en el piso
[18:03:58] [Server thread/INFO]: [Not Secure] [[Volcanos] volcon2] Jjaja no estoy en el piso
[18:03:58] [Server thread/INFO]: [Not Secure] [Slimegolembros] Jjaja no estoy en el piso
[18:03:58] [Server thread/INFO]: [Not Secure] [[Volcanos] volcon2] Jjaja no estoy en el piso
[18:03:58] [Server thread/INFO]: [Not Secure] [Xautral] Jjaja no estoy en el piso
[18:03:58] [Server thread/INFO]: [Not Secure] [Slimegolembros] Jjaja no estoy en el piso
[18:03:58] [Server thread/INFO]: [Not Secure] [Xautral] Jjaja no estoy en el piso
[18:03:58] [Server thread/INFO]: [Not Secure] [Slimegolembros] Jjaja no estoy en el piso
[18:03:58] [Server thread/INFO]: [Not Secure] [[Volcanos] volcon2] Jjaja no estoy en el piso
[18:03:58] [Server thread/INFO]: [Not Secure] [Xautral] Jjaja no estoy en el piso
[18:03:58] [Server thread/INFO]: [Not Secure] [[Volcanos] volcon2] Jjaja no estoy en el piso
[18:03:58] [Server thread/INFO]: [Not Secure] [Slimegolembros] Jjaja no estoy en el piso
[18:03:58] [Server thread/INFO]: [Not Secure] [Xautral] Jjaja no estoy en el piso
[18:03:58] [Server thread/INFO]: [Not Secure] [[Volcanos] volcon2] Jjaja no estoy en el piso
[18:03:58] [Server thread/INFO]: [Not Secure] [Slimegolembros] Jjaja no estoy en el piso
[18:03:58] [Server thread/INFO]: [Not Secure] [Xautral] Jjaja no estoy en el piso
[18:03:58] [Server thread/INFO]: [Not Secure] [[Volcanos] volcon2] Jjaja no estoy en el piso
[18:03:58] [Server thread/INFO]: [Not Secure] [Slimegolembros] Jjaja no estoy en el piso
[18:03:58] [Server thread/INFO]: [Not Secure] [Xautral] Jjaja no estoy en el piso
[18:03:58] [Server thread/INFO]: [Not Secure] [Slimegolembros] Jjaja no estoy en el piso
[18:03:58] [Server thread/INFO]: [Not Secure] [Xautral] Jjaja no estoy en el piso
[18:03:58] [Server thread/INFO]: [Not Secure] [Slimegolembros] Jjaja no estoy en el piso
[18:03:58] [Server thread/INFO]: [Not Secure] [Xautral] Jjaja no estoy en el piso
[18:03:58] [Server thread/INFO]: [Not Secure] [Slimegolembros] Jjaja no estoy en el piso
[18:03:58] [Server thread/INFO]: [Not Secure] [Xautral] Jjaja no estoy en el piso
[18:03:58] [Server thread/INFO]: [Not Secure] [Slimegolembros] Jjaja no estoy en el piso
[18:03:58] [Server thread/INFO]: [Not Secure] [Xautral] Jjaja no estoy en el piso
[18:03:58] [Server thread/INFO]: [Not Secure] [Slimegolembros] Jjaja no estoy en el piso
[18:03:58] [Server thread/INFO]: [Not Secure] [Xautral] Jjaja no estoy en el piso
[18:03:58] [Server thread/INFO]: [Not Secure] [Slimegolembros] Jjaja no estoy en el piso
[18:03:58] [Server thread/INFO]: [Not Secure] [Xautral] Jjaja no estoy en el piso
[18:03:58] [Server thread/INFO]: [Not Secure] [Slimegolembros] Jjaja no estoy en el piso
[18:03:59] [Server thread/INFO]: [Not Secure] [Xautral] Jjaja no estoy en el piso
[18:03:59] [Server thread/INFO]: [Not Secure] [Slimegolembros] Jjaja no estoy en el piso
[18:03:59] [Server thread/INFO]: [Not Secure] [Xautral] Jjaja no estoy en el piso
[18:03:59] [Server thread/INFO]: [Not Secure] [Slimegolembros] Jjaja no estoy en el piso
[18:03:59] [Server thread/INFO]: [Not Secure] [Slimegolembros] Jjaja no estoy en el piso
[18:03:59] [Server thread/INFO]: [Not Secure] [Slimegolembros] Jjaja no estoy en el piso
[18:03:59] [Server thread/INFO]: [Not Secure] [Slimegolembros] Jjaja no estoy en el piso
[18:03:59] [Server thread/INFO]: [Not Secure] [Slimegolembros] Jjaja no estoy en el piso
[18:03:59] [Server thread/INFO]: [Not Secure] [Slimegolembros] Jjaja no estoy en el piso
[18:03:59] [Server thread/INFO]: [Not Secure] [Slimegolembros] Jjaja no estoy en el piso
[18:03:59] [Server thread/INFO]: [Not Secure] [Slimegolembros] Jjaja no estoy en el piso
[18:03:59] [Server thread/INFO]: [Not Secure] [Slimegolembros] Jjaja no estoy en el piso
[18:03:59] [Server thread/INFO]: [Not Secure] [Slimegolembros] Jjaja no estoy en el piso
[18:03:59] [Server thread/INFO]: [Not Secure] [Slimegolembros] Jjaja no estoy en el piso
[18:03:59] [Server thread/INFO]: [Not Secure] [Slimegolembros] Jjaja no estoy en el piso
[18:03:59] [Server thread/INFO]: [Not Secure] [Slimegolembros] Jjaja no estoy en el piso
[18:03:59] [Server thread/INFO]: [Not Secure] [Slimegolembros] Jjaja no estoy en el piso
[18:03:59] [Server thread/INFO]: [Not Secure] [Slimegolembros] Jjaja no estoy en el piso
[18:03:59] [Server thread/INFO]: [Not Secure] [Slimegolembros] Jjaja no estoy en el piso
[18:03:59] [Server thread/INFO]: [Not Secure] [Slimegolembros] Jjaja no estoy en el piso
[18:03:59] [Server thread/INFO]: [Not Secure] [Slimegolembros] Jjaja no estoy en el piso
[18:03:59] [Server thread/INFO]: [Not Secure] [Slimegolembros] Jjaja no estoy en el piso
[18:04:00] [Server thread/INFO]: [Not Secure] [Slimegolembros] Jjaja no estoy en el piso
[18:04:00] [Server thread/INFO]: [Not Secure] [Slimegolembros] Jjaja no estoy en el piso
[18:04:00] [Server thread/INFO]: [Not Secure] [Slimegolembros] Jjaja no estoy en el piso
[18:04:00] [Server thread/INFO]: [Not Secure] [Slimegolembros] Jjaja no estoy en el piso
[18:04:00] [Server thread/INFO]: [Not Secure] [Slimegolembros] Jjaja no estoy en el piso
[18:04:00] [Server thread/INFO]: [Not Secure] [Slimegolembros] Jjaja no estoy en el piso
[18:04:00] [Server thread/INFO]: [Not Secure] [Slimegolembros] Jjaja no estoy en el piso
[18:04:00] [Server thread/INFO]: [Not Secure] [Slimegolembros] Jjaja no estoy en el piso
[18:04:00] [Server thread/INFO]: [Not Secure] [Slimegolembros] Jjaja no estoy en el piso
[18:04:00] [Server thread/INFO]: [Not Secure] [Slimegolembros] Jjaja no estoy en el piso
[18:04:00] [Server thread/INFO]: [Not Secure] [Slimegolembros] Jjaja no estoy en el piso
[18:04:00] [Server thread/INFO]: [Not Secure] [Slimegolembros] Jjaja no estoy en el piso
[18:04:00] [Server thread/INFO]: [Not Secure] [Slimegolembros] Jjaja no estoy en el piso
[18:04:00] [Server thread/INFO]: [Not Secure] [Slimegolembros] Jjaja no estoy en el piso
[18:04:00] [Server thread/INFO]: [Not Secure] [Slimegolembros] Jjaja no estoy en el piso
[18:04:00] [Server thread/INFO]: [Not Secure] [Slimegolembros] Jjaja no estoy en el piso
[18:04:00] [Server thread/INFO]: [Not Secure] [Slimegolembros] Jjaja no estoy en el piso
[18:04:00] [Server thread/INFO]: [Not Secure] [Slimegolembros] Jjaja no estoy en el piso
[18:04:00] [Server thread/INFO]: [Not Secure] [Slimegolembros] Jjaja no estoy en el piso
[18:04:00] [Server thread/INFO]: [Not Secure] [Slimegolembros] Jjaja no estoy en el piso
[18:04:01] [Server thread/INFO]: [Not Secure] [Slimegolembros] Jjaja no estoy en el piso
[18:04:01] [Server thread/INFO]: [Not Secure] [Slimegolembros] Jjaja no estoy en el piso
[18:04:01] [Server thread/INFO]: [Not Secure] [Slimegolembros] Jjaja no estoy en el piso
[18:04:01] [Server thread/INFO]: [Not Secure] [Slimegolembros] Jjaja no estoy en el piso
[18:04:01] [Server thread/INFO]: [Not Secure] [Slimegolembros] Jjaja no estoy en el piso
[18:04:01] [Server thread/INFO]: [Not Secure] [Slimegolembros] Jjaja no estoy en el piso
[18:04:01] [Server thread/INFO]: [Not Secure] [Slimegolembros] Jjaja no estoy en el piso
[18:04:01] [Server thread/INFO]: [Not Secure] [Slimegolembros] Jjaja no estoy en el piso
[18:04:01] [Server thread/INFO]: [Not Secure] [Slimegolembros] Jjaja no estoy en el piso
[18:04:01] [Server thread/INFO]: [Not Secure] [Slimegolembros] Jjaja no estoy en el piso
[18:04:01] [Server thread/INFO]: [Not Secure] [Slimegolembros] Jjaja no estoy en el piso
[18:04:01] [Server thread/INFO]: [Not Secure] [[Volcanos] volcon2] Jjaja no estoy en el piso
[18:04:01] [Server thread/INFO]: [Not Secure] [Slimegolembros] Jjaja no estoy en el piso
[18:04:01] [Server thread/INFO]: [Not Secure] [[Volcanos] volcon2] Jjaja no estoy en el piso
[18:04:01] [Server thread/INFO]: [Not Secure] [Slimegolembros] Jjaja no estoy en el piso
[18:04:01] [Server thread/INFO]: [Not Secure] [[Volcanos] volcon2] Jjaja no estoy en el piso
[18:04:01] [Server thread/INFO]: [Not Secure] [Slimegolembros] Jjaja no estoy en el piso
[18:04:01] [Server thread/INFO]: [Not Secure] [[Volcanos] volcon2] Jjaja no estoy en el piso
[18:04:01] [Server thread/INFO]: [Not Secure] [Slimegolembros] Jjaja no estoy en el piso
[18:04:01] [Server thread/INFO]: [Not Secure] [[Volcanos] volcon2] Jjaja no estoy en el piso
[18:04:01] [Server thread/INFO]: [Not Secure] [Slimegolembros] Jjaja no estoy en el piso
[18:04:01] [Server thread/INFO]: [Not Secure] [[Volcanos] volcon2] Jjaja no estoy en el piso
[18:04:01] [Server thread/INFO]: [Not Secure] [Slimegolembros] Jjaja no estoy en el piso
[18:04:01] [Server thread/INFO]: [Not Secure] [[Volcanos] volcon2] Jjaja no estoy en el piso
[18:04:01] [Server thread/INFO]: [Not Secure] [Slimegolembros] Jjaja no estoy en el piso
[18:04:01] [Server thread/INFO]: [Not Secure] [[Volcanos] volcon2] Jjaja no estoy en el piso
[18:04:01] [Server thread/INFO]: [Not Secure] [Slimegolembros] Jjaja no estoy en el piso
[18:04:01] [Server thread/INFO]: [Not Secure] [Slimegolembros] Jjaja no estoy en el piso
[18:04:02] [Server thread/INFO]: [Not Secure] [Slimegolembros] Jjaja no estoy en el piso
[18:04:02] [Server thread/INFO]: [Not Secure] [Slimegolembros] Jjaja no estoy en el piso
[18:04:02] [Server thread/INFO]: [Not Secure] [Slimegolembros] Jjaja no estoy en el piso
[18:04:02] [Server thread/INFO]: [Not Secure] [Slimegolembros] Jjaja no estoy en el piso
[18:04:02] [Server thread/INFO]: [Not Secure] [Slimegolembros] Jjaja no estoy en el piso
[18:04:02] [Server thread/INFO]: [Not Secure] [Slimegolembros] Jjaja no estoy en el piso
[18:04:02] [Server thread/INFO]: [Not Secure] [Slimegolembros] Jjaja no estoy en el piso
[18:04:02] [Server thread/INFO]: [Not Secure] [Slimegolembros] Jjaja no estoy en el piso
[18:04:02] [Server thread/INFO]: [Not Secure] [Slimegolembros] Jjaja no estoy en el piso
[18:04:02] [Server thread/INFO]: [Not Secure] [Slimegolembros] Jjaja no estoy en el piso
[18:04:02] [Server thread/INFO]: [Not Secure] [Slimegolembros] Jjaja no estoy en el piso
[18:04:02] [Server thread/INFO]: [Not Secure] [Slimegolembros] Jjaja no estoy en el piso
[18:04:02] [Server thread/INFO]: [Not Secure] [Slimegolembros] Jjaja no estoy en el piso
[18:04:02] [Server thread/INFO]: [Not Secure] [Slimegolembros] Jjaja no estoy en el piso
[18:04:02] [Server thread/INFO]: [Not Secure] [Slimegolembros] Jjaja no estoy en el piso
[18:04:02] [Server thread/INFO]: [Not Secure] [Slimegolembros] Jjaja no estoy en el piso
[18:04:02] [Async Chat Thread - #11/INFO]: [Not Secure] <volcon2> ,..
[18:04:02] [Server thread/INFO]: [Not Secure] [Slimegolembros] Jjaja no estoy en el piso
[18:04:02] [Server thread/INFO]: [Not Secure] [Slimegolembros] Jjaja no estoy en el piso
[18:04:02] [Server thread/INFO]: [Not Secure] [Slimegolembros] Jjaja no estoy en el piso
[18:04:02] [Server thread/INFO]: [Not Secure] [Slimegolembros] Jjaja no estoy en el piso
[18:04:03] [Server thread/INFO]: [Not Secure] [Slimegolembros] Jjaja no estoy en el piso
[18:04:03] [Server thread/INFO]: [Not Secure] [Slimegolembros] Jjaja no estoy en el piso
[18:04:03] [Server thread/INFO]: [Not Secure] [Slimegolembros] Jjaja no estoy en el piso
[18:04:03] [Server thread/INFO]: [Not Secure] [Slimegolembros] Jjaja no estoy en el piso
[18:04:03] [Server thread/INFO]: [Not Secure] [Slimegolembros] Jjaja no estoy en el piso
[18:04:03] [Server thread/INFO]: [Not Secure] [Slimegolembros] Jjaja no estoy en el piso
[18:04:03] [Server thread/INFO]: [Not Secure] [Slimegolembros] Jjaja no estoy en el piso
[18:04:03] [Server thread/INFO]: [Not Secure] [Slimegolembros] Jjaja no estoy en el piso
[18:04:03] [Server thread/INFO]: [Not Secure] [Slimegolembros] Jjaja no estoy en el piso
[18:04:03] [Server thread/INFO]: [Not Secure] [Slimegolembros] Jjaja no estoy en el piso
[18:04:03] [Server thread/INFO]: [Not Secure] [[Volcanos] volcon2] Jjaja no estoy en el piso
[18:04:03] [Server thread/INFO]: [Not Secure] [Slimegolembros] Jjaja no estoy en el piso
[18:04:03] [Server thread/INFO]: [Not Secure] [[Volcanos] volcon2] Jjaja no estoy en el piso
[18:04:03] [Server thread/INFO]: [Not Secure] [Slimegolembros] Jjaja no estoy en el piso
[18:04:03] [Server thread/INFO]: [Not Secure] [[Volcanos] volcon2] Jjaja no estoy en el piso
[18:04:03] [Server thread/INFO]: [Not Secure] [Slimegolembros] Jjaja no estoy en el piso
[18:04:03] [Server thread/INFO]: [Not Secure] [[Volcanos] volcon2] Jjaja no estoy en el piso
[18:04:03] [Server thread/INFO]: [Not Secure] [Slimegolembros] Jjaja no estoy en el piso
[18:04:03] [Server thread/INFO]: [Not Secure] [[Volcanos] volcon2] Jjaja no estoy en el piso
[18:04:03] [Server thread/INFO]: [Not Secure] [Slimegolembros] Jjaja no estoy en el piso
[18:04:03] [Server thread/INFO]: [Not Secure] [[Volcanos] volcon2] Jjaja no estoy en el piso
[18:04:03] [Server thread/INFO]: [Not Secure] [Slimegolembros] Jjaja no estoy en el piso
[18:04:03] [Server thread/INFO]: [Not Secure] [[Volcanos] volcon2] Jjaja no estoy en el piso
[18:04:03] [Server thread/INFO]: [Not Secure] [Slimegolembros] Jjaja no estoy en el piso
[18:04:03] [Server thread/INFO]: [Not Secure] [[Volcanos] volcon2] Jjaja no estoy en el piso
[18:04:03] [Server thread/INFO]: [Not Secure] [Slimegolembros] Jjaja no estoy en el piso
[18:04:03] [Server thread/INFO]: [Not Secure] [Slimegolembros] Jjaja no estoy en el piso
[18:04:03] [Server thread/INFO]: [Not Secure] [Slimegolembros] Jjaja no estoy en el piso
[18:04:04] [Server thread/INFO]: [Not Secure] [[Volcanos] volcon2] Jjaja no estoy en el piso
[18:04:04] [Server thread/INFO]: [Not Secure] [Slimegolembros] Jjaja no estoy en el piso
[18:04:04] [Server thread/INFO]: [Not Secure] [[Volcanos] volcon2] Jjaja no estoy en el piso
[18:04:04] [Server thread/INFO]: [Not Secure] [Slimegolembros] Jjaja no estoy en el piso
[18:04:04] [Server thread/INFO]: [Not Secure] [[Volcanos] volcon2] Jjaja no estoy en el piso
[18:04:04] [Server thread/INFO]: [Not Secure] [Slimegolembros] Jjaja no estoy en el piso
[18:04:04] [Server thread/INFO]: [Not Secure] [[Volcanos] volcon2] Jjaja no estoy en el piso
[18:04:04] [Server thread/INFO]: [Not Secure] [Slimegolembros] Jjaja no estoy en el piso
[18:04:04] [Server thread/INFO]: [Not Secure] [Slimegolembros] Jjaja no estoy en el piso
[18:04:04] [Server thread/INFO]: [Not Secure] [[Volcanos] volcon2] Jjaja no estoy en el piso
[18:04:04] [Server thread/INFO]: [Not Secure] [[Volcanos] volcon2] Jjaja no estoy en el piso
[18:04:04] [Server thread/INFO]: [Not Secure] [Slimegolembros] Jjaja no estoy en el piso
[18:04:04] [Server thread/INFO]: [Not Secure] [[Volcanos] volcon2] Jjaja no estoy en el piso
[18:04:04] [Server thread/INFO]: [Not Secure] [Slimegolembros] Jjaja no estoy en el piso
[18:04:04] [Server thread/INFO]: [Not Secure] [[Volcanos] volcon2] Jjaja no estoy en el piso
[18:04:04] [Server thread/INFO]: [Not Secure] [Slimegolembros] Jjaja no estoy en el piso
[18:04:04] [Server thread/INFO]: [Not Secure] [Slimegolembros] Jjaja no estoy en el piso
[18:04:04] [Server thread/INFO]: [Not Secure] [Slimegolembros] Jjaja no estoy en el piso
[18:04:04] [Server thread/INFO]: [Not Secure] [Slimegolembros] Jjaja no estoy en el piso
[18:04:04] [Server thread/INFO]: [Not Secure] [Slimegolembros] Jjaja no estoy en el piso
[18:04:04] [Server thread/INFO]: [Not Secure] [Slimegolembros] Jjaja no estoy en el piso
[18:04:04] [Server thread/INFO]: [Not Secure] [Slimegolembros] Jjaja no estoy en el piso
[18:04:04] [Server thread/INFO]: [Not Secure] [[Volcanos] volcon2] Jjaja no estoy en el piso
[18:04:04] [Server thread/INFO]: [Not Secure] [Slimegolembros] Jjaja no estoy en el piso
[18:04:04] [Server thread/INFO]: [Not Secure] [[Volcanos] volcon2] Jjaja no estoy en el piso
[18:04:04] [Server thread/INFO]: [Not Secure] [Slimegolembros] Jjaja no estoy en el piso
[18:04:04] [Server thread/INFO]: [Not Secure] [[Volcanos] volcon2] Jjaja no estoy en el piso
[18:04:04] [Server thread/INFO]: [Not Secure] [Slimegolembros] Jjaja no estoy en el piso
[18:04:04] [Server thread/INFO]: [Not Secure] [[Volcanos] volcon2] Jjaja no estoy en el piso
[18:04:04] [Server thread/INFO]: [Not Secure] [Slimegolembros] Jjaja no estoy en el piso
[18:04:04] [Server thread/INFO]: [Not Secure] [[Volcanos] volcon2] Jjaja no estoy en el piso
[18:04:04] [Server thread/INFO]: [Not Secure] [Slimegolembros] Jjaja no estoy en el piso
[18:04:04] [Server thread/INFO]: [Not Secure] [[Volcanos] volcon2] Jjaja no estoy en el piso
[18:04:04] [Server thread/INFO]: [Not Secure] [Slimegolembros] Jjaja no estoy en el piso
[18:04:05] [Server thread/INFO]: [Not Secure] [[Volcanos] volcon2] Jjaja no estoy en el piso
[18:04:05] [Server thread/INFO]: [Not Secure] [Slimegolembros] Jjaja no estoy en el piso
[18:04:05] [Server thread/INFO]: [Not Secure] [[Volcanos] volcon2] Jjaja no estoy en el piso
[18:04:05] [Server thread/INFO]: [Not Secure] [Slimegolembros] Jjaja no estoy en el piso
[18:04:05] [Server thread/INFO]: [Not Secure] [[Volcanos] volcon2] Jjaja no estoy en el piso
[18:04:05] [Server thread/INFO]: [Not Secure] [Slimegolembros] Jjaja no estoy en el piso
[18:04:05] [Server thread/INFO]: [Not Secure] [[Volcanos] volcon2] Jjaja no estoy en el piso
[18:04:05] [Server thread/INFO]: [Not Secure] [Slimegolembros] Jjaja no estoy en el piso
[18:04:05] [Server thread/INFO]: [Not Secure] [[Volcanos] volcon2] Jjaja no estoy en el piso
[18:04:05] [Server thread/INFO]: [Not Secure] [Slimegolembros] Jjaja no estoy en el piso
[18:04:05] [Server thread/INFO]: [Not Secure] [Slimegolembros] Jjaja no estoy en el piso
[18:04:05] [Server thread/INFO]: [Not Secure] [Slimegolembros] Jjaja no estoy en el piso
[18:04:05] [Server thread/INFO]: [Not Secure] [Slimegolembros] Jjaja no estoy en el piso
[18:04:05] [Server thread/INFO]: [Not Secure] [Slimegolembros] Jjaja no estoy en el piso
[18:04:05] [Server thread/INFO]: [Not Secure] [Slimegolembros] Jjaja no estoy en el piso
[18:04:05] [Server thread/INFO]: [Not Secure] [Slimegolembros] Jjaja no estoy en el piso
[18:04:05] [Async Chat Thread - #11/INFO]: [Not Secure] <volcon2> blu
[18:04:05] [Server thread/INFO]: [Not Secure] [Slimegolembros] Jjaja no estoy en el piso
[18:04:05] [Server thread/INFO]: [Not Secure] [Slimegolembros] Jjaja no estoy en el piso
[18:04:05] [Server thread/INFO]: [Not Secure] [Slimegolembros] Jjaja no estoy en el piso
[18:04:05] [Server thread/INFO]: [Not Secure] [Slimegolembros] Jjaja no estoy en el piso
[18:04:05] [Server thread/INFO]: [Not Secure] [Slimegolembros] Jjaja no estoy en el piso
[18:04:05] [Server thread/INFO]: [Not Secure] [Slimegolembros] Jjaja no estoy en el piso
[18:04:05] [Server thread/INFO]: [Not Secure] [Slimegolembros] Jjaja no estoy en el piso
[18:04:05] [Server thread/INFO]: [Not Secure] [Slimegolembros] Jjaja no estoy en el piso
[18:04:05] [Server thread/INFO]: [Not Secure] [Slimegolembros] Jjaja no estoy en el piso
[18:04:06] [Server thread/INFO]: [Not Secure] [[Volcanos] volcon2] Jjaja no estoy en el piso
[18:04:06] [Server thread/INFO]: [Not Secure] [Slimegolembros] Jjaja no estoy en el piso
[18:04:06] [Server thread/INFO]: [Not Secure] [[Volcanos] volcon2] Jjaja no estoy en el piso
[18:04:06] [Server thread/INFO]: [Not Secure] [Slimegolembros] Jjaja no estoy en el piso
[18:04:06] [Server thread/INFO]: [Not Secure] [[Volcanos] volcon2] Jjaja no estoy en el piso
[18:04:06] [Server thread/INFO]: [Not Secure] [Slimegolembros] Jjaja no estoy en el piso
[18:04:06] [Server thread/INFO]: [Not Secure] [[Volcanos] volcon2] Jjaja no estoy en el piso
[18:04:06] [Server thread/INFO]: [Not Secure] [Slimegolembros] Jjaja no estoy en el piso
[18:04:06] [Server thread/INFO]: [Not Secure] [[Volcanos] volcon2] Jjaja no estoy en el piso
[18:04:06] [Server thread/INFO]: [Not Secure] [Slimegolembros] Jjaja no estoy en el piso
[18:04:06] [Server thread/INFO]: [Not Secure] [[Volcanos] volcon2] Jjaja no estoy en el piso
[18:04:06] [Server thread/INFO]: [Not Secure] [Slimegolembros] Jjaja no estoy en el piso
[18:04:06] [Server thread/INFO]: [Not Secure] [Slimegolembros] Jjaja no estoy en el piso
[18:04:06] [Server thread/INFO]: [Not Secure] [[Volcanos] volcon2] Jjaja no estoy en el piso
[18:04:06] [Server thread/INFO]: [Not Secure] [Slimegolembros] Jjaja no estoy en el piso
[18:04:06] [Server thread/INFO]: [Not Secure] [[Volcanos] volcon2] Jjaja no estoy en el piso
[18:04:06] [Server thread/INFO]: [Not Secure] [Slimegolembros] Jjaja no estoy en el piso
[18:04:06] [Server thread/INFO]: [Not Secure] [[Volcanos] volcon2] Jjaja no estoy en el piso
[18:04:06] [Server thread/INFO]: [Not Secure] [[Volcanos] volcon2] Jjaja no estoy en el piso
[18:04:06] [Server thread/INFO]: [Not Secure] [Slimegolembros] Jjaja no estoy en el piso
[18:04:06] [Server thread/INFO]: [Not Secure] [[Volcanos] volcon2] Jjaja no estoy en el piso
[18:04:06] [Server thread/INFO]: [Not Secure] [Slimegolembros] Jjaja no estoy en el piso
[18:04:06] [Server thread/INFO]: [Not Secure] [Slimegolembros] Jjaja no estoy en el piso
[18:04:06] [Server thread/INFO]: [Not Secure] [[Volcanos] volcon2] Jjaja no estoy en el piso
[18:04:06] [Server thread/INFO]: [Not Secure] [Slimegolembros] Jjaja no estoy en el piso
[18:04:06] [Server thread/INFO]: [Not Secure] [[Volcanos] volcon2] Jjaja no estoy en el piso
[18:04:06] [Server thread/INFO]: [Not Secure] [Slimegolembros] Jjaja no estoy en el piso
[18:04:06] [Server thread/INFO]: [Not Secure] [[Volcanos] volcon2] Jjaja no estoy en el piso
[18:04:06] [Server thread/INFO]: [Not Secure] [Slimegolembros] Jjaja no estoy en el piso
[18:04:06] [Server thread/INFO]: [Not Secure] [[Volcanos] volcon2] Jjaja no estoy en el piso
[18:04:06] [Server thread/INFO]: [Not Secure] [Slimegolembros] Jjaja no estoy en el piso
[18:04:06] [Server thread/INFO]: [Not Secure] [Slimegolembros] Jjaja no estoy en el piso
[18:04:06] [Server thread/INFO]: [Not Secure] [[Volcanos] volcon2] Jjaja no estoy en el piso
[18:04:06] [Server thread/INFO]: [Not Secure] [[Volcanos] volcon2] Jjaja no estoy en el piso
[18:04:06] [Server thread/INFO]: [Not Secure] [Slimegolembros] Jjaja no estoy en el piso
[18:04:06] [Server thread/INFO]: [Not Secure] [[Volcanos] volcon2] Jjaja no estoy en el piso
[18:04:06] [Server thread/INFO]: [Not Secure] [Slimegolembros] Jjaja no estoy en el piso
[18:04:06] [Server thread/INFO]: [Not Secure] [[Volcanos] volcon2] Jjaja no estoy en el piso
[18:04:06] [Server thread/INFO]: [Not Secure] [Slimegolembros] Jjaja no estoy en el piso
[18:04:07] [Server thread/INFO]: [Not Secure] [Slimegolembros] Jjaja no estoy en el piso
[18:04:07] [Server thread/INFO]: [Not Secure] [Slimegolembros] Jjaja no estoy en el piso
[18:04:07] [Server thread/INFO]: [Not Secure] [[Volcanos] volcon2] Jjaja no estoy en el piso
[18:04:07] [Server thread/INFO]: [Not Secure] [Slimegolembros] Jjaja no estoy en el piso
[18:04:07] [Server thread/INFO]: [Not Secure] [[Volcanos] volcon2] Jjaja no estoy en el piso
[18:04:07] [Server thread/INFO]: [Not Secure] [Slimegolembros] Jjaja no estoy en el piso
[18:04:07] [Server thread/INFO]: [Not Secure] [[Volcanos] volcon2] Jjaja no estoy en el piso
[18:04:07] [Server thread/INFO]: [Not Secure] [Slimegolembros] Jjaja no estoy en el piso
[18:04:07] [Server thread/INFO]: [Not Secure] [[Volcanos] volcon2] Jjaja no estoy en el piso
[18:04:07] [Server thread/INFO]: [Not Secure] [Slimegolembros] Jjaja no estoy en el piso
[18:04:07] [Server thread/INFO]: [Not Secure] [[Volcanos] volcon2] Jjaja no estoy en el piso
[18:04:07] [Server thread/INFO]: [Not Secure] [Slimegolembros] Jjaja no estoy en el piso
[18:04:07] [Server thread/INFO]: [Not Secure] [[Volcanos] volcon2] Jjaja no estoy en el piso
[18:04:07] [Server thread/INFO]: [Not Secure] [Slimegolembros] Jjaja no estoy en el piso
[18:04:07] [Server thread/INFO]: [Not Secure] [[Volcanos] volcon2] Jjaja no estoy en el piso
[18:04:07] [Server thread/INFO]: [Not Secure] [Slimegolembros] Jjaja no estoy en el piso
[18:04:07] [Server thread/INFO]: [Not Secure] [[Volcanos] volcon2] Jjaja no estoy en el piso
[18:04:07] [Server thread/INFO]: [Not Secure] [Slimegolembros] Jjaja no estoy en el piso
[18:04:07] [Server thread/INFO]: [Not Secure] [[Volcanos] volcon2] Jjaja no estoy en el piso
[18:04:07] [Server thread/INFO]: [Not Secure] [Slimegolembros] Jjaja no estoy en el piso
[18:04:07] [Server thread/INFO]: [Not Secure] [Slimegolembros] Jjaja no estoy en el piso
[18:04:07] [Server thread/INFO]: [Not Secure] [[Volcanos] volcon2] Jjaja no estoy en el piso
[18:04:07] [Server thread/INFO]: [Not Secure] [[Volcanos] volcon2] Jjaja no estoy en el piso
[18:04:07] [Server thread/INFO]: [Not Secure] [Slimegolembros] Jjaja no estoy en el piso
[18:04:07] [Server thread/INFO]: [Not Secure] [Slimegolembros] Jjaja no estoy en el piso
[18:04:07] [Server thread/INFO]: [Not Secure] [[Volcanos] volcon2] Jjaja no estoy en el piso
[18:04:07] [Server thread/INFO]: [Not Secure] [Slimegolembros] Jjaja no estoy en el piso
[18:04:07] [Server thread/INFO]: [Not Secure] [[Volcanos] volcon2] Jjaja no estoy en el piso
[18:04:07] [Server thread/INFO]: [Not Secure] [Slimegolembros] Jjaja no estoy en el piso
[18:04:07] [Server thread/INFO]: [Not Secure] [[Volcanos] volcon2] Jjaja no estoy en el piso
[18:04:07] [Server thread/INFO]: [Not Secure] [Slimegolembros] Jjaja no estoy en el piso
[18:04:07] [Server thread/INFO]: [Not Secure] [[Volcanos] volcon2] Jjaja no estoy en el piso
[18:04:07] [Server thread/INFO]: [Not Secure] [Slimegolembros] Jjaja no estoy en el piso
[18:04:07] [Server thread/INFO]: [Not Secure] [[Volcanos] volcon2] Jjaja no estoy en el piso
[18:04:07] [Server thread/INFO]: [Not Secure] [Slimegolembros] Jjaja no estoy en el piso
[18:04:07] [Server thread/INFO]: [Not Secure] [[Volcanos] volcon2] Jjaja no estoy en el piso
[18:04:07] [Server thread/INFO]: [Not Secure] [Slimegolembros] Jjaja no estoy en el piso
[18:04:08] [Server thread/INFO]: [Not Secure] [[Volcanos] volcon2] Jjaja no estoy en el piso
[18:04:08] [Server thread/INFO]: [Not Secure] [Slimegolembros] Jjaja no estoy en el piso
[18:04:08] [Server thread/INFO]: [Not Secure] [[Volcanos] volcon2] Jjaja no estoy en el piso
[18:04:08] [Server thread/INFO]: [Not Secure] [Slimegolembros] Jjaja no estoy en el piso
[18:04:08] [Server thread/INFO]: [Not Secure] [[Volcanos] volcon2] Jjaja no estoy en el piso
[18:04:08] [Server thread/INFO]: [Not Secure] [Slimegolembros] Jjaja no estoy en el piso
[18:04:08] [Server thread/INFO]: [Not Secure] [[Volcanos] volcon2] Jjaja no estoy en el piso
[18:04:08] [Server thread/INFO]: [Not Secure] [Slimegolembros] Jjaja no estoy en el piso
[18:04:08] [Server thread/INFO]: [Not Secure] [[Volcanos] volcon2] Jjaja no estoy en el piso
[18:04:08] [Server thread/INFO]: [Not Secure] [Slimegolembros] Jjaja no estoy en el piso
[18:04:08] [Server thread/INFO]: [Not Secure] [Slimegolembros] Jjaja no estoy en el piso
[18:04:08] [Server thread/INFO]: [Not Secure] [Slimegolembros] Jjaja no estoy en el piso
[18:04:08] [Server thread/INFO]: [Not Secure] [Slimegolembros] Jjaja no estoy en el piso
[18:04:08] [Server thread/INFO]: [Not Secure] [Slimegolembros] Jjaja no estoy en el piso
[18:04:08] [Server thread/INFO]: [Not Secure] [Slimegolembros] Jjaja no estoy en el piso
[18:04:08] [Server thread/INFO]: [Not Secure] [Slimegolembros] Jjaja no estoy en el piso
[18:04:08] [Server thread/INFO]: [Not Secure] [Slimegolembros] Jjaja no estoy en el piso
[18:04:08] [Server thread/INFO]: [Not Secure] [Slimegolembros] Jjaja no estoy en el piso
[18:04:08] [Server thread/INFO]: [Not Secure] [Slimegolembros] Jjaja no estoy en el piso
[18:04:08] [Server thread/INFO]: [Not Secure] [Slimegolembros] Jjaja no estoy en el piso
[18:04:08] [Server thread/INFO]: [Not Secure] [Slimegolembros] Jjaja no estoy en el piso
[18:04:08] [Server thread/INFO]: [Not Secure] [[Volcanos] volcon2] Jjaja no estoy en el piso
[18:04:08] [Server thread/INFO]: [Not Secure] [Slimegolembros] Jjaja no estoy en el piso
[18:04:08] [Server thread/INFO]: [Not Secure] [[Volcanos] volcon2] Jjaja no estoy en el piso
[18:04:08] [Server thread/INFO]: [Not Secure] [Slimegolembros] Jjaja no estoy en el piso
[18:04:08] [Server thread/INFO]: [Not Secure] [[Volcanos] volcon2] Jjaja no estoy en el piso
[18:04:08] [Server thread/INFO]: [Not Secure] [Slimegolembros] Jjaja no estoy en el piso
[18:04:08] [Server thread/INFO]: [Not Secure] [Slimegolembros] Jjaja no estoy en el piso
[18:04:08] [Server thread/INFO]: [Not Secure] [[Volcanos] volcon2] Jjaja no estoy en el piso
[18:04:09] [Server thread/INFO]: [Not Secure] [[Volcanos] volcon2] Jjaja no estoy en el piso
[18:04:09] [Server thread/INFO]: [Not Secure] [Slimegolembros] Jjaja no estoy en el piso
[18:04:09] [Server thread/INFO]: [Not Secure] [Slimegolembros] Jjaja no estoy en el piso
[18:04:09] [Server thread/INFO]: [Not Secure] [[Volcanos] volcon2] Jjaja no estoy en el piso
[18:04:09] [Server thread/INFO]: [Not Secure] [[Volcanos] volcon2] Jjaja no estoy en el piso
[18:04:09] [Server thread/INFO]: [Not Secure] [Slimegolembros] Jjaja no estoy en el piso
[18:04:09] [Server thread/INFO]: [Not Secure] [Slimegolembros] Jjaja no estoy en el piso
[18:04:09] [Server thread/INFO]: [Not Secure] [[Volcanos] volcon2] Jjaja no estoy en el piso
[18:04:09] [Server thread/INFO]: [Not Secure] [[Volcanos] volcon2] Jjaja no estoy en el piso
[18:04:09] [Server thread/INFO]: [Not Secure] [Slimegolembros] Jjaja no estoy en el piso
[18:04:09] [Server thread/INFO]: [Not Secure] [[Volcanos] volcon2] Jjaja no estoy en el piso
[18:04:09] [Server thread/INFO]: [Not Secure] [Slimegolembros] Jjaja no estoy en el piso
[18:04:09] [Server thread/INFO]: [Not Secure] [[Volcanos] volcon2] Jjaja no estoy en el piso
[18:04:09] [Server thread/INFO]: [Not Secure] [Slimegolembros] Jjaja no estoy en el piso
[18:04:09] [Server thread/INFO]: [Not Secure] [[Volcanos] volcon2] Jjaja no estoy en el piso
[18:04:09] [Server thread/INFO]: [Not Secure] [Slimegolembros] Jjaja no estoy en el piso
[18:04:09] [Server thread/INFO]: [Not Secure] [[Volcanos] volcon2] Jjaja no estoy en el piso
[18:04:09] [Server thread/INFO]: [Not Secure] [Slimegolembros] Jjaja no estoy en el piso
[18:04:09] [Server thread/INFO]: [Not Secure] [Slimegolembros] Jjaja no estoy en el piso
[18:04:09] [Server thread/INFO]: [Not Secure] [Slimegolembros] Jjaja no estoy en el piso
[18:04:09] [Server thread/INFO]: [Not Secure] [Slimegolembros] Jjaja no estoy en el piso
[18:04:09] [Server thread/INFO]: [Not Secure] [Slimegolembros] Jjaja no estoy en el piso
[18:04:09] [Server thread/INFO]: [Not Secure] [Slimegolembros] Jjaja no estoy en el piso
[18:04:09] [Server thread/INFO]: [Not Secure] [Slimegolembros] Jjaja no estoy en el piso
[18:04:09] [Server thread/INFO]: [Not Secure] [Slimegolembros] Jjaja no estoy en el piso
[18:04:09] [Server thread/INFO]: [Not Secure] [Slimegolembros] Jjaja no estoy en el piso
[18:04:09] [Server thread/INFO]: [Not Secure] [Slimegolembros] Jjaja no estoy en el piso
[18:04:09] [Server thread/INFO]: [Not Secure] [Slimegolembros] Jjaja no estoy en el piso
[18:04:09] [Server thread/INFO]: [Not Secure] [Slimegolembros] Jjaja no estoy en el piso
[18:04:10] [Server thread/INFO]: [Not Secure] [Slimegolembros] Jjaja no estoy en el piso
[18:04:10] [Server thread/INFO]: [Not Secure] [Slimegolembros] Jjaja no estoy en el piso
[18:04:10] [Server thread/INFO]: [Not Secure] [Slimegolembros] Jjaja no estoy en el piso
[18:04:10] [Server thread/INFO]: [Not Secure] [Slimegolembros] Jjaja no estoy en el piso
[18:04:10] [Server thread/INFO]: [Not Secure] [Slimegolembros] Jjaja no estoy en el piso
[18:04:10] [Server thread/INFO]: [Not Secure] [Slimegolembros] Jjaja no estoy en el piso
[18:04:10] [Server thread/INFO]: [Not Secure] [Slimegolembros] Jjaja no estoy en el piso
[18:04:10] [Server thread/INFO]: [Not Secure] [Slimegolembros] Jjaja no estoy en el piso
[18:04:10] [Server thread/INFO]: [Not Secure] [Slimegolembros] Jjaja no estoy en el piso
[18:04:10] [Server thread/INFO]: [Not Secure] [Slimegolembros] Jjaja no estoy en el piso
[18:04:10] [Server thread/INFO]: [Not Secure] [Slimegolembros] Jjaja no estoy en el piso
[18:04:10] [Server thread/INFO]: [Not Secure] [Slimegolembros] Jjaja no estoy en el piso
[18:04:10] [Server thread/INFO]: [Not Secure] [Slimegolembros] Jjaja no estoy en el piso
[18:04:10] [Server thread/INFO]: [Not Secure] [Slimegolembros] Jjaja no estoy en el piso
[18:04:10] [Server thread/INFO]: [Not Secure] [Slimegolembros] Jjaja no estoy en el piso
[18:04:10] [Server thread/INFO]: [Not Secure] [Slimegolembros] Jjaja no estoy en el piso
[18:04:10] [Server thread/INFO]: [Not Secure] [Slimegolembros] Jjaja no estoy en el piso
[18:04:10] [Server thread/INFO]: [Not Secure] [Slimegolembros] Jjaja no estoy en el piso
[18:04:10] [Server thread/INFO]: [Not Secure] [Slimegolembros] Jjaja no estoy en el piso
[18:04:10] [Server thread/INFO]: [Not Secure] [Slimegolembros] Jjaja no estoy en el piso
[18:04:11] [Server thread/INFO]: [Not Secure] [Slimegolembros] Jjaja no estoy en el piso
[18:04:11] [Server thread/INFO]: Villager Villager['Villager'/4243, uuid='b97c73dc-c65d-4681-a951-e8c6d0ad2de8', l='ServerLevel[world]', x=-18978.29, y=62.00, z=4570.28, cpos=[-1187, 285], tl=9682, v=true] died, message: 'Villager was slain by Zombie'
[18:04:11] [Server thread/INFO]: [Not Secure] [Slimegolembros] Jjaja no estoy en el piso
[18:04:11] [Server thread/INFO]: [Not Secure] [Slimegolembros] Jjaja no estoy en el piso
[18:04:11] [Server thread/INFO]: [Not Secure] [Slimegolembros] Jjaja no estoy en el piso
[18:04:11] [Server thread/INFO]: [Not Secure] [Slimegolembros] Jjaja no estoy en el piso
[18:04:11] [Server thread/INFO]: [Not Secure] [Slimegolembros] Jjaja no estoy en el piso
[18:04:11] [Server thread/INFO]: [Not Secure] [Slimegolembros] Jjaja no estoy en el piso
[18:04:11] [Server thread/INFO]: [Not Secure] [Slimegolembros] Jjaja no estoy en el piso
[18:04:11] [Server thread/INFO]: [Not Secure] [Slimegolembros] Jjaja no estoy en el piso
[18:04:11] [Server thread/INFO]: [Not Secure] [Slimegolembros] Jjaja no estoy en el piso
[18:04:11] [Server thread/INFO]: [Not Secure] [Slimegolembros] Jjaja no estoy en el piso
[18:04:11] [Server thread/INFO]: [Not Secure] [Slimegolembros] Jjaja no estoy en el piso
[18:04:11] [Server thread/INFO]: [Not Secure] [Slimegolembros] Jjaja no estoy en el piso
[18:04:11] [Server thread/INFO]: [Not Secure] [[Volcanos] volcon2] Jjaja no estoy en el piso
[18:04:11] [Server thread/INFO]: [Not Secure] [Slimegolembros] Jjaja no estoy en el piso
[18:04:11] [Server thread/INFO]: [Not Secure] [[Volcanos] volcon2] Jjaja no estoy en el piso
[18:04:11] [Server thread/INFO]: [Not Secure] [Slimegolembros] Jjaja no estoy en el piso
[18:04:11] [Server thread/INFO]: [Not Secure] [[Volcanos] volcon2] Jjaja no estoy en el piso
[18:04:11] [Server thread/INFO]: [Not Secure] [Slimegolembros] Jjaja no estoy en el piso
[18:04:11] [Server thread/INFO]: [Not Secure] [[Volcanos] volcon2] Jjaja no estoy en el piso
[18:04:11] [Server thread/INFO]: [Not Secure] [Slimegolembros] Jjaja no estoy en el piso
[18:04:11] [Server thread/INFO]: [Not Secure] [[Volcanos] volcon2] Jjaja no estoy en el piso
[18:04:11] [Server thread/INFO]: [Not Secure] [Slimegolembros] Jjaja no estoy en el piso
[18:04:11] [Server thread/INFO]: [Not Secure] [[Volcanos] volcon2] Jjaja no estoy en el piso
[18:04:11] [Server thread/INFO]: [Not Secure] [Slimegolembros] Jjaja no estoy en el piso
[18:04:11] [Server thread/INFO]: [Not Secure] [[Volcanos] volcon2] Jjaja no estoy en el piso
[18:04:11] [Server thread/INFO]: [Not Secure] [Slimegolembros] Jjaja no estoy en el piso
[18:04:12] [Server thread/INFO]: [Not Secure] [Slimegolembros] Jjaja no estoy en el piso
[18:04:12] [Server thread/INFO]: [Not Secure] [[Volcanos] volcon2] Jjaja no estoy en el piso
[18:04:12] [Server thread/INFO]: [Not Secure] [Slimegolembros] Jjaja no estoy en el piso
[18:04:12] [Server thread/INFO]: [Not Secure] [Slimegolembros] Jjaja no estoy en el piso
[18:04:12] [Server thread/INFO]: [Not Secure] [Slimegolembros] Jjaja no estoy en el piso
[18:04:12] [Server thread/INFO]: [Not Secure] [Slimegolembros] Jjaja no estoy en el piso
[18:04:12] [Server thread/INFO]: [Not Secure] [Slimegolembros] Jjaja no estoy en el piso
[18:04:12] [Server thread/INFO]: [Not Secure] [Slimegolembros] Jjaja no estoy en el piso
[18:04:12] [Server thread/INFO]: [Not Secure] [Slimegolembros] Jjaja no estoy en el piso
[18:04:12] [Server thread/INFO]: [Not Secure] [Slimegolembros] Jjaja no estoy en el piso
[18:04:12] [Server thread/INFO]: [Not Secure] [Slimegolembros] Jjaja no estoy en el piso
[18:04:12] [Server thread/INFO]: [Not Secure] [Slimegolembros] Jjaja no estoy en el piso
[18:04:12] [Server thread/INFO]: [Not Secure] [Slimegolembros] Jjaja no estoy en el piso
[18:04:12] [Server thread/INFO]: [Not Secure] [Slimegolembros] Jjaja no estoy en el piso
[18:04:12] [Server thread/INFO]: [Not Secure] [Slimegolembros] Jjaja no estoy en el piso
[18:04:12] [Server thread/INFO]: [Not Secure] [Slimegolembros] Jjaja no estoy en el piso
[18:04:12] [Server thread/INFO]: [Not Secure] [Slimegolembros] Jjaja no estoy en el piso
[18:04:12] [Server thread/INFO]: [Not Secure] [Slimegolembros] Jjaja no estoy en el piso
[18:04:12] [Server thread/INFO]: [Not Secure] [Slimegolembros] Jjaja no estoy en el piso
[18:04:12] [Server thread/INFO]: [Not Secure] [Slimegolembros] Jjaja no estoy en el piso
[18:04:12] [Server thread/INFO]: [Not Secure] [Slimegolembros] Jjaja no estoy en el piso
[18:04:13] [Server thread/INFO]: [Not Secure] [Slimegolembros] Jjaja no estoy en el piso
[18:04:13] [Server thread/INFO]: [Not Secure] [Slimegolembros] Jjaja no estoy en el piso
[18:04:13] [Server thread/INFO]: [Not Secure] [Slimegolembros] Jjaja no estoy en el piso
[18:04:13] [Server thread/INFO]: [Not Secure] [Slimegolembros] Jjaja no estoy en el piso
[18:04:13] [Server thread/INFO]: [Not Secure] [Slimegolembros] Jjaja no estoy en el piso
[18:04:13] [Server thread/INFO]: [Not Secure] [Slimegolembros] Jjaja no estoy en el piso
[18:04:13] [Server thread/INFO]: [Not Secure] [Slimegolembros] Jjaja no estoy en el piso
[18:04:13] [Server thread/INFO]: [Not Secure] [Slimegolembros] Jjaja no estoy en el piso
[18:04:13] [Server thread/INFO]: [Not Secure] [Slimegolembros] Jjaja no estoy en el piso
[18:04:13] [Server thread/INFO]: [Not Secure] [Slimegolembros] Jjaja no estoy en el piso
[18:04:13] [Server thread/INFO]: [Not Secure] [Slimegolembros] Jjaja no estoy en el piso
[18:04:13] [Server thread/INFO]: [Not Secure] [Slimegolembros] Jjaja no estoy en el piso
[18:04:13] [Server thread/INFO]: [Not Secure] [[Volcanos] volcon2] Jjaja no estoy en el piso
[18:04:13] [Server thread/INFO]: [Not Secure] [Slimegolembros] Jjaja no estoy en el piso
[18:04:13] [Server thread/INFO]: [Not Secure] [[Volcanos] volcon2] Jjaja no estoy en el piso
[18:04:13] [Server thread/INFO]: [Not Secure] [Slimegolembros] Jjaja no estoy en el piso
[18:04:13] [Server thread/INFO]: [Not Secure] [[Volcanos] volcon2] Jjaja no estoy en el piso
[18:04:13] [Server thread/INFO]: [Not Secure] [Slimegolembros] Jjaja no estoy en el piso
[18:04:13] [Server thread/INFO]: [Not Secure] [[Volcanos] volcon2] Jjaja no estoy en el piso
[18:04:13] [Server thread/INFO]: [Not Secure] [Slimegolembros] Jjaja no estoy en el piso
[18:04:13] [Server thread/INFO]: [Not Secure] [[Volcanos] volcon2] Jjaja no estoy en el piso
[18:04:13] [Server thread/INFO]: [Not Secure] [Slimegolembros] Jjaja no estoy en el piso
[18:04:13] [Server thread/INFO]: [Not Secure] [[Volcanos] volcon2] Jjaja no estoy en el piso
[18:04:13] [Server thread/INFO]: [Not Secure] [Slimegolembros] Jjaja no estoy en el piso
[18:04:13] [Server thread/INFO]: [Not Secure] [[Volcanos] volcon2] Jjaja no estoy en el piso
[18:04:13] [Server thread/INFO]: [Not Secure] [Slimegolembros] Jjaja no estoy en el piso
[18:04:13] [Server thread/INFO]: [Not Secure] [[Volcanos] volcon2] Jjaja no estoy en el piso
[18:04:13] [Server thread/INFO]: [Not Secure] [Slimegolembros] Jjaja no estoy en el piso
[18:04:14] [Server thread/INFO]: [Not Secure] [[Volcanos] volcon2] Jjaja no estoy en el piso
[18:04:14] [Server thread/INFO]: [Not Secure] [Slimegolembros] Jjaja no estoy en el piso
[18:04:14] [Server thread/INFO]: [Not Secure] [[Volcanos] volcon2] Jjaja no estoy en el piso
[18:04:14] [Server thread/INFO]: [Not Secure] [Slimegolembros] Jjaja no estoy en el piso
[18:04:14] [Server thread/INFO]: [Not Secure] [[Volcanos] volcon2] Jjaja no estoy en el piso
[18:04:14] [Server thread/INFO]: [Not Secure] [Slimegolembros] Jjaja no estoy en el piso
[18:04:14] [Server thread/INFO]: [Not Secure] [Slimegolembros] Jjaja no estoy en el piso
[18:04:14] [Server thread/INFO]: [Not Secure] [[Volcanos] volcon2] Jjaja no estoy en el piso
[18:04:14] [Server thread/INFO]: [Not Secure] [Slimegolembros] Jjaja no estoy en el piso
[18:04:14] [Server thread/INFO]: [Not Secure] [[Volcanos] volcon2] Jjaja no estoy en el piso
[18:04:14] [Server thread/INFO]: [Not Secure] [Slimegolembros] Jjaja no estoy en el piso
[18:04:14] [Server thread/INFO]: [Not Secure] [[Volcanos] volcon2] Jjaja no estoy en el piso
[18:04:14] [Server thread/INFO]: [Not Secure] [Slimegolembros] Jjaja no estoy en el piso
[18:04:14] [Server thread/INFO]: [Not Secure] [[Volcanos] volcon2] Jjaja no estoy en el piso
[18:04:14] [Server thread/INFO]: [Not Secure] [Slimegolembros] Jjaja no estoy en el piso
[18:04:14] [Server thread/INFO]: [Not Secure] [[Volcanos] volcon2] Jjaja no estoy en el piso
[18:04:14] [Server thread/INFO]: [Not Secure] [Slimegolembros] Jjaja no estoy en el piso
[18:04:14] [Server thread/INFO]: [Not Secure] [[Volcanos] volcon2] Jjaja no estoy en el piso
[18:04:14] [Server thread/INFO]: [Not Secure] [Slimegolembros] Jjaja no estoy en el piso
[18:04:14] [Server thread/INFO]: [Not Secure] [[Volcanos] volcon2] Jjaja no estoy en el piso
[18:04:14] [Server thread/INFO]: [Not Secure] [Slimegolembros] Jjaja no estoy en el piso
[18:04:14] [Server thread/INFO]: [Not Secure] [[Volcanos] volcon2] Jjaja no estoy en el piso
[18:04:14] [Server thread/INFO]: [Not Secure] [Slimegolembros] Jjaja no estoy en el piso
[18:04:14] [Server thread/INFO]: [Not Secure] [[Volcanos] volcon2] Jjaja no estoy en el piso
[18:04:14] [Server thread/INFO]: [Not Secure] [Slimegolembros] Jjaja no estoy en el piso
[18:04:14] [Server thread/INFO]: [Not Secure] [Slimegolembros] Jjaja no estoy en el piso
[18:04:14] [Server thread/INFO]: [Not Secure] [[Volcanos] volcon2] Jjaja no estoy en el piso
[18:04:14] [Server thread/INFO]: [Not Secure] [[Volcanos] volcon2] Jjaja no estoy en el piso
[18:04:14] [Server thread/INFO]: [Not Secure] [Slimegolembros] Jjaja no estoy en el piso
[18:04:14] [Server thread/INFO]: [Not Secure] [[Volcanos] volcon2] Jjaja no estoy en el piso
[18:04:14] [Server thread/INFO]: [Not Secure] [Slimegolembros] Jjaja no estoy en el piso
[18:04:14] [Server thread/INFO]: [Not Secure] [[Volcanos] volcon2] Jjaja no estoy en el piso
[18:04:14] [Server thread/INFO]: [Not Secure] [Slimegolembros] Jjaja no estoy en el piso
[18:04:14] [Server thread/INFO]: [Not Secure] [[Volcanos] volcon2] Jjaja no estoy en el piso
[18:04:14] [Server thread/INFO]: [Not Secure] [Slimegolembros] Jjaja no estoy en el piso
[18:04:14] [Server thread/INFO]: [Not Secure] [Slimegolembros] Jjaja no estoy en el piso
[18:04:14] [Server thread/INFO]: [Not Secure] [Slimegolembros] Jjaja no estoy en el piso
[18:04:15] [Server thread/INFO]: [Not Secure] [Slimegolembros] Jjaja no estoy en el piso
[18:04:15] [Server thread/INFO]: [Not Secure] [Slimegolembros] Jjaja no estoy en el piso
[18:04:15] [Server thread/INFO]: [Not Secure] [Slimegolembros] Jjaja no estoy en el piso
[18:04:15] [Server thread/INFO]: [Not Secure] [Slimegolembros] Jjaja no estoy en el piso
[18:04:15] [Server thread/INFO]: [Not Secure] [Slimegolembros] Jjaja no estoy en el piso
[18:04:15] [Server thread/INFO]: [Not Secure] [Slimegolembros] Jjaja no estoy en el piso
[18:04:15] [Server thread/INFO]: [Not Secure] [Slimegolembros] Jjaja no estoy en el piso
[18:04:15] [Server thread/INFO]: [Not Secure] [Slimegolembros] Jjaja no estoy en el piso
[18:04:15] [Server thread/INFO]: [Not Secure] [Slimegolembros] Jjaja no estoy en el piso
[18:04:15] [Server thread/INFO]: [Not Secure] [Slimegolembros] Jjaja no estoy en el piso
[18:04:15] [Server thread/INFO]: [Not Secure] [Slimegolembros] Jjaja no estoy en el piso
[18:04:15] [Server thread/INFO]: [Not Secure] [Slimegolembros] Jjaja no estoy en el piso
[18:04:15] [Server thread/INFO]: [Not Secure] [Slimegolembros] Jjaja no estoy en el piso
[18:04:15] [Server thread/INFO]: [Not Secure] [Slimegolembros] Jjaja no estoy en el piso
[18:04:15] [Server thread/INFO]: [Not Secure] [Slimegolembros] Jjaja no estoy en el piso
[18:04:15] [Server thread/INFO]: [Not Secure] [Slimegolembros] Jjaja no estoy en el piso
[18:04:15] [Server thread/INFO]: [Not Secure] [Slimegolembros] Jjaja no estoy en el piso
[18:04:15] [Server thread/INFO]: [Not Secure] [Slimegolembros] Jjaja no estoy en el piso
[18:04:15] [Server thread/INFO]: [Not Secure] [Slimegolembros] Jjaja no estoy en el piso
[18:04:15] [Server thread/INFO]: [Not Secure] [Slimegolembros] Jjaja no estoy en el piso
[18:04:16] [Server thread/INFO]: [Not Secure] [Slimegolembros] Jjaja no estoy en el piso
[18:04:16] [Server thread/INFO]: [Not Secure] [Slimegolembros] Jjaja no estoy en el piso
[18:04:16] [Server thread/INFO]: [Not Secure] [Slimegolembros] Jjaja no estoy en el piso
[18:04:16] [Server thread/INFO]: [Not Secure] [Slimegolembros] Jjaja no estoy en el piso
[18:04:16] [Server thread/INFO]: [Not Secure] [Slimegolembros] Jjaja no estoy en el piso
[18:04:16] [Server thread/INFO]: [Not Secure] [Slimegolembros] Jjaja no estoy en el piso
[18:04:16] [Server thread/INFO]: [Not Secure] [Slimegolembros] Jjaja no estoy en el piso
[18:04:16] [Server thread/INFO]: [Not Secure] [Slimegolembros] Jjaja no estoy en el piso
[18:04:16] [Server thread/INFO]: [Not Secure] [Slimegolembros] Jjaja no estoy en el piso
[18:04:16] [Server thread/INFO]: [Not Secure] [Slimegolembros] Jjaja no estoy en el piso
[18:04:16] [Server thread/INFO]: [Not Secure] [Slimegolembros] Jjaja no estoy en el piso
[18:04:16] [Server thread/INFO]: [Not Secure] [Slimegolembros] Jjaja no estoy en el piso
[18:04:16] [Server thread/INFO]: [Not Secure] [Slimegolembros] Jjaja no estoy en el piso
[18:04:16] [Server thread/INFO]: [Not Secure] [Slimegolembros] Jjaja no estoy en el piso
[18:04:16] [Server thread/INFO]: [Not Secure] [Slimegolembros] Jjaja no estoy en el piso
[18:04:16] [Server thread/INFO]: [Not Secure] [Slimegolembros] Jjaja no estoy en el piso
[18:04:16] [Server thread/INFO]: [Not Secure] [Slimegolembros] Jjaja no estoy en el piso
[18:04:16] [Server thread/INFO]: [Not Secure] [Slimegolembros] Jjaja no estoy en el piso
[18:04:16] [Server thread/INFO]: [Not Secure] [Slimegolembros] Jjaja no estoy en el piso
[18:04:16] [Server thread/INFO]: [Not Secure] [Slimegolembros] Jjaja no estoy en el piso
[18:04:17] [Server thread/INFO]: [Not Secure] [Slimegolembros] Jjaja no estoy en el piso
[18:04:17] [Server thread/INFO]: [Not Secure] [Slimegolembros] Jjaja no estoy en el piso
[18:04:17] [Server thread/INFO]: [Not Secure] [Slimegolembros] Jjaja no estoy en el piso
[18:04:17] [Server thread/INFO]: [Not Secure] [Slimegolembros] Jjaja no estoy en el piso
[18:04:17] [Server thread/INFO]: [Not Secure] [Slimegolembros] Jjaja no estoy en el piso
[18:04:17] [Server thread/INFO]: [Not Secure] [Slimegolembros] Jjaja no estoy en el piso
[18:04:17] [Server thread/INFO]: [Not Secure] [Slimegolembros] Jjaja no estoy en el piso
[18:04:17] [Server thread/INFO]: [Not Secure] [Slimegolembros] Jjaja no estoy en el piso
[18:04:17] [Server thread/INFO]: [Not Secure] [Slimegolembros] Jjaja no estoy en el piso
[18:04:17] [Server thread/INFO]: [Not Secure] [Slimegolembros] Jjaja no estoy en el piso
[18:04:17] [Server thread/INFO]: [Not Secure] [Slimegolembros] Jjaja no estoy en el piso
[18:04:17] [Server thread/INFO]: [Not Secure] [Slimegolembros] Jjaja no estoy en el piso
[18:04:17] [Server thread/INFO]: [Not Secure] [Slimegolembros] Jjaja no estoy en el piso
[18:04:17] [Server thread/INFO]: [Not Secure] [Slimegolembros] Jjaja no estoy en el piso
[18:04:17] [Server thread/INFO]: [Not Secure] [Slimegolembros] Jjaja no estoy en el piso
[18:04:17] [Server thread/INFO]: [Not Secure] [Slimegolembros] Jjaja no estoy en el piso
[18:04:17] [Server thread/INFO]: [Not Secure] [Slimegolembros] Jjaja no estoy en el piso
[18:04:17] [Server thread/INFO]: [Not Secure] [Slimegolembros] Jjaja no estoy en el piso
[18:04:17] [Server thread/INFO]: [Not Secure] [Slimegolembros] Jjaja no estoy en el piso
[18:04:17] [Server thread/INFO]: [Not Secure] [Slimegolembros] Jjaja no estoy en el piso
[18:04:18] [Server thread/INFO]: [Not Secure] [Slimegolembros] Jjaja no estoy en el piso
[18:04:18] [Server thread/INFO]: [Not Secure] [Slimegolembros] Jjaja no estoy en el piso
[18:04:18] [Server thread/INFO]: [Not Secure] [Slimegolembros] Jjaja no estoy en el piso
[18:04:18] [Server thread/INFO]: [Not Secure] [Slimegolembros] Jjaja no estoy en el piso
[18:04:18] [Server thread/INFO]: [Not Secure] [Slimegolembros] Jjaja no estoy en el piso
[18:04:18] [Server thread/INFO]: [Not Secure] [Slimegolembros] Jjaja no estoy en el piso
[18:04:18] [Server thread/INFO]: [Not Secure] [Slimegolembros] Jjaja no estoy en el piso
[18:04:18] [Server thread/INFO]: [Not Secure] [Slimegolembros] Jjaja no estoy en el piso
[18:04:18] [Server thread/INFO]: [Not Secure] [Slimegolembros] Jjaja no estoy en el piso
[18:04:18] [Server thread/INFO]: [Not Secure] [Slimegolembros] Jjaja no estoy en el piso
[18:04:18] [Server thread/INFO]: [Not Secure] [Slimegolembros] Jjaja no estoy en el piso
[18:04:18] [Server thread/INFO]: [Not Secure] [Slimegolembros] Jjaja no estoy en el piso
[18:04:18] [Server thread/INFO]: [Not Secure] [Slimegolembros] Jjaja no estoy en el piso
[18:04:18] [Server thread/INFO]: [Not Secure] [Slimegolembros] Jjaja no estoy en el piso
[18:04:18] [Server thread/INFO]: [Not Secure] [Slimegolembros] Jjaja no estoy en el piso
[18:04:18] [Server thread/INFO]: [Not Secure] [Slimegolembros] Jjaja no estoy en el piso
[18:04:18] [Server thread/INFO]: [Not Secure] [Slimegolembros] Jjaja no estoy en el piso
[18:04:18] [Server thread/INFO]: [Not Secure] [Slimegolembros] Jjaja no estoy en el piso
[18:04:18] [Server thread/INFO]: [Not Secure] [Slimegolembros] Jjaja no estoy en el piso
[18:04:18] [Server thread/INFO]: [Not Secure] [Slimegolembros] Jjaja no estoy en el piso
[18:04:19] [Server thread/INFO]: [Not Secure] [Slimegolembros] Jjaja no estoy en el piso
[18:04:19] [Server thread/INFO]: [Not Secure] [Slimegolembros] Jjaja no estoy en el piso
[18:04:19] [Server thread/INFO]: [Not Secure] [Slimegolembros] Jjaja no estoy en el piso
[18:04:19] [Server thread/INFO]: [Not Secure] [Slimegolembros] Jjaja no estoy en el piso
[18:04:19] [Server thread/INFO]: [Not Secure] [Slimegolembros] Jjaja no estoy en el piso
[18:04:19] [Server thread/INFO]: [Not Secure] [Slimegolembros] Jjaja no estoy en el piso
[18:04:19] [Server thread/INFO]: [Not Secure] [Slimegolembros] Jjaja no estoy en el piso
[18:04:19] [Server thread/INFO]: [Not Secure] [Slimegolembros] Jjaja no estoy en el piso
[18:04:19] [Server thread/INFO]: [Not Secure] [Slimegolembros] Jjaja no estoy en el piso
[18:04:19] [Server thread/INFO]: [Not Secure] [Slimegolembros] Jjaja no estoy en el piso
[18:04:19] [Server thread/INFO]: [Not Secure] [Slimegolembros] Jjaja no estoy en el piso
[18:04:19] [Server thread/INFO]: [Not Secure] [Slimegolembros] Jjaja no estoy en el piso
[18:04:19] [Server thread/INFO]: [Not Secure] [Slimegolembros] Jjaja no estoy en el piso
[18:04:19] [Server thread/INFO]: [Not Secure] [Slimegolembros] Jjaja no estoy en el piso
[18:04:19] [Server thread/INFO]: [Not Secure] [Slimegolembros] Jjaja no estoy en el piso
[18:04:19] [Server thread/INFO]: [Not Secure] [Slimegolembros] Jjaja no estoy en el piso
[18:04:19] [Server thread/INFO]: [Not Secure] [Slimegolembros] Jjaja no estoy en el piso
[18:04:19] [Server thread/INFO]: [Not Secure] [Slimegolembros] Jjaja no estoy en el piso
[18:04:19] [Server thread/INFO]: [Not Secure] [Slimegolembros] Jjaja no estoy en el piso
[18:04:19] [Server thread/INFO]: [Not Secure] [Slimegolembros] Jjaja no estoy en el piso
[18:04:20] [Server thread/INFO]: [Not Secure] [Slimegolembros] Jjaja no estoy en el piso
[18:04:20] [Server thread/INFO]: [Not Secure] [Slimegolembros] Jjaja no estoy en el piso
[18:04:20] [Server thread/INFO]: [Not Secure] [Slimegolembros] Jjaja no estoy en el piso
[18:04:20] [Server thread/INFO]: [Not Secure] [Slimegolembros] Jjaja no estoy en el piso
[18:04:20] [Server thread/INFO]: [Not Secure] [Slimegolembros] Jjaja no estoy en el piso
[18:04:20] [Server thread/INFO]: [Not Secure] [Slimegolembros] Jjaja no estoy en el piso
[18:04:20] [Server thread/INFO]: [Not Secure] [Slimegolembros] Jjaja no estoy en el piso
[18:04:20] [Server thread/INFO]: [Not Secure] [Slimegolembros] Jjaja no estoy en el piso
[18:04:20] [Server thread/INFO]: [Not Secure] [Slimegolembros] Jjaja no estoy en el piso
[18:04:20] [Server thread/INFO]: [Not Secure] [Slimegolembros] Jjaja no estoy en el piso
[18:04:20] [Server thread/INFO]: [Not Secure] [Slimegolembros] Jjaja no estoy en el piso
[18:04:20] [Server thread/INFO]: [Not Secure] [Slimegolembros] Jjaja no estoy en el piso
[18:04:20] [Server thread/INFO]: [Not Secure] [Slimegolembros] Jjaja no estoy en el piso
[18:04:20] [Server thread/INFO]: [Not Secure] [Slimegolembros] Jjaja no estoy en el piso
[18:04:20] [Server thread/INFO]: [Not Secure] [Slimegolembros] Jjaja no estoy en el piso
[18:04:20] [Server thread/INFO]: [Not Secure] [Slimegolembros] Jjaja no estoy en el piso
[18:04:20] [Server thread/INFO]: [Not Secure] [Slimegolembros] Jjaja no estoy en el piso
[18:04:20] [Server thread/INFO]: [Not Secure] [Slimegolembros] Jjaja no estoy en el piso
[18:04:20] [Server thread/INFO]: [Not Secure] [Slimegolembros] Jjaja no estoy en el piso
[18:04:20] [Server thread/INFO]: [Not Secure] [Slimegolembros] Jjaja no estoy en el piso
[18:04:21] [Server thread/INFO]: [Not Secure] [Slimegolembros] Jjaja no estoy en el piso
[18:04:21] [Server thread/INFO]: [Not Secure] [Slimegolembros] Jjaja no estoy en el piso
[18:04:21] [Server thread/INFO]: [Not Secure] [Slimegolembros] Jjaja no estoy en el piso
[18:04:21] [Server thread/INFO]: [Not Secure] [Slimegolembros] Jjaja no estoy en el piso
[18:04:21] [Server thread/INFO]: [Not Secure] [Slimegolembros] Jjaja no estoy en el piso
[18:04:21] [Server thread/INFO]: [Not Secure] [Slimegolembros] Jjaja no estoy en el piso
[18:04:21] [Server thread/INFO]: [Not Secure] [Slimegolembros] Jjaja no estoy en el piso
[18:04:21] [Server thread/INFO]: [Not Secure] [Slimegolembros] Jjaja no estoy en el piso
[18:04:21] [Server thread/INFO]: [Not Secure] [Slimegolembros] Jjaja no estoy en el piso
[18:04:21] [Server thread/INFO]: [Not Secure] [Slimegolembros] Jjaja no estoy en el piso
[18:04:21] [Server thread/INFO]: [Not Secure] [Slimegolembros] Jjaja no estoy en el piso
[18:04:21] [Server thread/INFO]: [Not Secure] [Slimegolembros] Jjaja no estoy en el piso
[18:04:21] [Server thread/INFO]: [Not Secure] [Slimegolembros] Jjaja no estoy en el piso
[18:04:21] [Server thread/INFO]: [Not Secure] [Slimegolembros] Jjaja no estoy en el piso
[18:04:21] [Server thread/INFO]: [Not Secure] [Slimegolembros] Jjaja no estoy en el piso
[18:04:21] [Server thread/INFO]: [Not Secure] [Slimegolembros] Jjaja no estoy en el piso
[18:04:21] [Server thread/INFO]: [Not Secure] [Slimegolembros] Jjaja no estoy en el piso
[18:04:21] [Server thread/INFO]: [Not Secure] [Slimegolembros] Jjaja no estoy en el piso
[18:04:21] [Server thread/INFO]: [Not Secure] [Slimegolembros] Jjaja no estoy en el piso
[18:04:21] [Server thread/INFO]: [Not Secure] [Slimegolembros] Jjaja no estoy en el piso
[18:04:22] [Server thread/INFO]: [Not Secure] [Slimegolembros] Jjaja no estoy en el piso
[18:04:22] [Server thread/INFO]: [Not Secure] [Slimegolembros] Jjaja no estoy en el piso
[18:04:22] [Server thread/INFO]: [Not Secure] [Slimegolembros] Jjaja no estoy en el piso
[18:04:22] [Server thread/INFO]: [Not Secure] [Slimegolembros] Jjaja no estoy en el piso
[18:04:22] [Server thread/INFO]: [Not Secure] [Slimegolembros] Jjaja no estoy en el piso
[18:04:22] [Server thread/INFO]: [Not Secure] [Slimegolembros] Jjaja no estoy en el piso
[18:04:22] [Server thread/INFO]: [Not Secure] [Slimegolembros] Jjaja no estoy en el piso
[18:04:22] [Server thread/INFO]: [Not Secure] [Slimegolembros] Jjaja no estoy en el piso
[18:04:22] [Server thread/INFO]: [Not Secure] [Slimegolembros] Jjaja no estoy en el piso
[18:04:22] [Server thread/INFO]: [Not Secure] [Slimegolembros] Jjaja no estoy en el piso
[18:04:22] [Server thread/INFO]: [Not Secure] [Slimegolembros] Jjaja no estoy en el piso
[18:04:22] [Server thread/INFO]: [Not Secure] [Slimegolembros] Jjaja no estoy en el piso
[18:04:22] [Server thread/INFO]: [Not Secure] [Slimegolembros] Jjaja no estoy en el piso
[18:04:22] [Server thread/INFO]: [Not Secure] [Slimegolembros] Jjaja no estoy en el piso
[18:04:22] [Server thread/INFO]: [Not Secure] [Slimegolembros] Jjaja no estoy en el piso
[18:04:22] [Server thread/INFO]: [Not Secure] [Slimegolembros] Jjaja no estoy en el piso
[18:04:22] [Server thread/INFO]: [Not Secure] [Slimegolembros] Jjaja no estoy en el piso
[18:04:22] [Server thread/INFO]: [Not Secure] [Slimegolembros] Jjaja no estoy en el piso
[18:04:22] [Server thread/INFO]: [Not Secure] [Slimegolembros] Jjaja no estoy en el piso
[18:04:22] [Server thread/INFO]: [Not Secure] [Slimegolembros] Jjaja no estoy en el piso
[18:04:23] [Server thread/INFO]: [Not Secure] [Slimegolembros] Jjaja no estoy en el piso
[18:04:23] [Server thread/INFO]: [Not Secure] [Slimegolembros] Jjaja no estoy en el piso
[18:04:23] [Server thread/INFO]: [Not Secure] [Slimegolembros] Jjaja no estoy en el piso
[18:04:23] [Server thread/INFO]: [Not Secure] [Slimegolembros] Jjaja no estoy en el piso
[18:04:23] [Server thread/INFO]: [Not Secure] [Slimegolembros] Jjaja no estoy en el piso
[18:04:23] [Server thread/INFO]: [Not Secure] [Slimegolembros] Jjaja no estoy en el piso
[18:04:23] [Server thread/INFO]: [Not Secure] [Slimegolembros] Jjaja no estoy en el piso
[18:04:23] [Server thread/INFO]: [Not Secure] [Slimegolembros] Jjaja no estoy en el piso
[18:04:23] [Server thread/INFO]: [Not Secure] [Slimegolembros] Jjaja no estoy en el piso
[18:04:23] [Server thread/INFO]: [Not Secure] [Slimegolembros] Jjaja no estoy en el piso
[18:04:23] [Server thread/INFO]: [Not Secure] [Slimegolembros] Jjaja no estoy en el piso
[18:04:23] [Server thread/INFO]: [Not Secure] [Slimegolembros] Jjaja no estoy en el piso
[18:04:23] [Server thread/INFO]: [Not Secure] [Slimegolembros] Jjaja no estoy en el piso
[18:04:23] [Server thread/INFO]: [Not Secure] [Slimegolembros] Jjaja no estoy en el piso
[18:04:23] [Server thread/INFO]: [Not Secure] [Slimegolembros] Jjaja no estoy en el piso
[18:04:23] [Server thread/INFO]: [Not Secure] [Slimegolembros] Jjaja no estoy en el piso
[18:04:23] [Server thread/INFO]: [Not Secure] [Slimegolembros] Jjaja no estoy en el piso
[18:04:23] [Server thread/INFO]: [Not Secure] [Slimegolembros] Jjaja no estoy en el piso
[18:04:23] [Server thread/INFO]: [Not Secure] [Slimegolembros] Jjaja no estoy en el piso
[18:04:23] [Server thread/INFO]: [Not Secure] [Slimegolembros] Jjaja no estoy en el piso
[18:04:24] [Server thread/INFO]: [Not Secure] [Slimegolembros] Jjaja no estoy en el piso
[18:04:24] [Server thread/INFO]: [Not Secure] [Slimegolembros] Jjaja no estoy en el piso
[18:04:24] [Server thread/INFO]: [Not Secure] [Slimegolembros] Jjaja no estoy en el piso
[18:04:24] [Server thread/INFO]: [Not Secure] [Slimegolembros] Jjaja no estoy en el piso
[18:04:24] [Server thread/INFO]: [Not Secure] [Slimegolembros] Jjaja no estoy en el piso
[18:04:24] [Server thread/INFO]: [Not Secure] [Slimegolembros] Jjaja no estoy en el piso
[18:04:24] [Server thread/INFO]: [Not Secure] [Slimegolembros] Jjaja no estoy en el piso
[18:04:24] [Server thread/INFO]: [Not Secure] [Slimegolembros] Jjaja no estoy en el piso
[18:04:24] [Server thread/INFO]: [Not Secure] [Slimegolembros] Jjaja no estoy en el piso
[18:04:24] [Server thread/INFO]: [Not Secure] [Slimegolembros] Jjaja no estoy en el piso
[18:04:24] [Server thread/INFO]: [Not Secure] [Slimegolembros] Jjaja no estoy en el piso
[18:04:24] [Server thread/INFO]: [Not Secure] [Slimegolembros] Jjaja no estoy en el piso
[18:04:24] [Server thread/INFO]: [Not Secure] [Slimegolembros] Jjaja no estoy en el piso
[18:04:24] [Server thread/INFO]: [Not Secure] [Slimegolembros] Jjaja no estoy en el piso
[18:04:24] [Server thread/INFO]: [Not Secure] [Slimegolembros] Jjaja no estoy en el piso
[18:04:24] [Server thread/INFO]: [Not Secure] [Slimegolembros] Jjaja no estoy en el piso
[18:04:24] [Server thread/INFO]: [Not Secure] [Slimegolembros] Jjaja no estoy en el piso
[18:04:24] [Server thread/INFO]: [Not Secure] [Slimegolembros] Jjaja no estoy en el piso
[18:04:24] [Server thread/INFO]: [Not Secure] [Slimegolembros] Jjaja no estoy en el piso
[18:04:24] [Server thread/INFO]: [Not Secure] [Slimegolembros] Jjaja no estoy en el piso
[18:04:25] [Server thread/INFO]: [Not Secure] [Slimegolembros] Jjaja no estoy en el piso
[18:04:25] [Server thread/INFO]: [Not Secure] [Slimegolembros] Jjaja no estoy en el piso
[18:04:25] [Server thread/INFO]: [Not Secure] [Slimegolembros] Jjaja no estoy en el piso
[18:04:25] [Server thread/INFO]: [Not Secure] [Slimegolembros] Jjaja no estoy en el piso
[18:04:25] [Server thread/INFO]: [Not Secure] [Slimegolembros] Jjaja no estoy en el piso
[18:04:25] [Server thread/INFO]: [Not Secure] [Slimegolembros] Jjaja no estoy en el piso
[18:04:25] [Server thread/INFO]: [Not Secure] [Slimegolembros] Jjaja no estoy en el piso
[18:04:25] [Server thread/INFO]: [Not Secure] [Slimegolembros] Jjaja no estoy en el piso
[18:04:25] [Server thread/INFO]: [Not Secure] [Slimegolembros] Jjaja no estoy en el piso
[18:04:25] [Server thread/INFO]: [Not Secure] [Slimegolembros] Jjaja no estoy en el piso
[18:04:25] [Server thread/INFO]: [Not Secure] [Slimegolembros] Jjaja no estoy en el piso
[18:04:25] [Server thread/INFO]: [Not Secure] [Slimegolembros] Jjaja no estoy en el piso
[18:04:25] [Server thread/INFO]: [Not Secure] [Slimegolembros] Jjaja no estoy en el piso
[18:04:25] [Server thread/INFO]: [Not Secure] [Slimegolembros] Jjaja no estoy en el piso
[18:04:25] [Server thread/INFO]: [Not Secure] [Slimegolembros] Jjaja no estoy en el piso
[18:04:25] [Server thread/INFO]: [Not Secure] [Slimegolembros] Jjaja no estoy en el piso
[18:04:25] [Server thread/INFO]: [Not Secure] [Slimegolembros] Jjaja no estoy en el piso
[18:04:25] [Server thread/INFO]: [Not Secure] [Slimegolembros] Jjaja no estoy en el piso
[18:04:25] [Server thread/INFO]: [Not Secure] [Slimegolembros] Jjaja no estoy en el piso
[18:04:25] [Server thread/INFO]: [Not Secure] [Slimegolembros] Jjaja no estoy en el piso
[18:04:26] [Server thread/INFO]: [Not Secure] [Slimegolembros] Jjaja no estoy en el piso
[18:04:26] [Server thread/INFO]: [Not Secure] [Slimegolembros] Jjaja no estoy en el piso
[18:04:26] [Server thread/INFO]: [Not Secure] [Slimegolembros] Jjaja no estoy en el piso
[18:04:26] [Server thread/INFO]: [Not Secure] [Slimegolembros] Jjaja no estoy en el piso
[18:04:26] [Server thread/INFO]: [Not Secure] [Slimegolembros] Jjaja no estoy en el piso
[18:04:26] [Server thread/INFO]: [Not Secure] [Slimegolembros] Jjaja no estoy en el piso
[18:04:26] [Server thread/INFO]: [Not Secure] [Slimegolembros] Jjaja no estoy en el piso
[18:04:26] [Server thread/INFO]: [Not Secure] [Slimegolembros] Jjaja no estoy en el piso
[18:04:26] [Server thread/INFO]: [Not Secure] [Slimegolembros] Jjaja no estoy en el piso
[18:04:26] [Server thread/INFO]: [Not Secure] [Slimegolembros] Jjaja no estoy en el piso
[18:04:26] [Server thread/INFO]: [Not Secure] [Slimegolembros] Jjaja no estoy en el piso
[18:04:26] [Server thread/INFO]: [Not Secure] [Slimegolembros] Jjaja no estoy en el piso
[18:04:26] [Server thread/INFO]: [Not Secure] [Slimegolembros] Jjaja no estoy en el piso
[18:04:26] [Server thread/INFO]: [Not Secure] [Slimegolembros] Jjaja no estoy en el piso
[18:04:26] [Server thread/INFO]: [Not Secure] [Slimegolembros] Jjaja no estoy en el piso
[18:04:26] [Server thread/INFO]: [Not Secure] [Slimegolembros] Jjaja no estoy en el piso
[18:04:26] [Server thread/INFO]: [Not Secure] [Slimegolembros] Jjaja no estoy en el piso
[18:04:26] [Server thread/INFO]: [Not Secure] [Slimegolembros] Jjaja no estoy en el piso
[18:04:26] [Server thread/INFO]: [Not Secure] [Slimegolembros] Jjaja no estoy en el piso
[18:04:26] [Server thread/INFO]: [Not Secure] [Slimegolembros] Jjaja no estoy en el piso
[18:04:27] [Server thread/INFO]: [Not Secure] [Slimegolembros] Jjaja no estoy en el piso
[18:04:27] [Server thread/INFO]: [Not Secure] [Slimegolembros] Jjaja no estoy en el piso
[18:04:27] [Server thread/INFO]: [Not Secure] [Slimegolembros] Jjaja no estoy en el piso
[18:04:27] [Server thread/INFO]: [Not Secure] [Slimegolembros] Jjaja no estoy en el piso
[18:04:27] [Server thread/INFO]: [Not Secure] [Slimegolembros] Jjaja no estoy en el piso
[18:04:27] [Server thread/INFO]: [Not Secure] [Slimegolembros] Jjaja no estoy en el piso
[18:04:27] [Server thread/INFO]: [Not Secure] [Slimegolembros] Jjaja no estoy en el piso
[18:04:27] [Server thread/INFO]: [Not Secure] [Slimegolembros] Jjaja no estoy en el piso
[18:04:27] [Server thread/INFO]: [Not Secure] [Slimegolembros] Jjaja no estoy en el piso
[18:04:27] [Server thread/INFO]: [Not Secure] [Slimegolembros] Jjaja no estoy en el piso
[18:04:27] [Server thread/INFO]: [Not Secure] [Slimegolembros] Jjaja no estoy en el piso
[18:04:27] [Server thread/INFO]: [Not Secure] [Slimegolembros] Jjaja no estoy en el piso
[18:04:27] [Server thread/INFO]: [Not Secure] [Slimegolembros] Jjaja no estoy en el piso
[18:04:27] [Server thread/INFO]: [Not Secure] [Slimegolembros] Jjaja no estoy en el piso
[18:04:27] [Server thread/INFO]: [Not Secure] [Slimegolembros] Jjaja no estoy en el piso
[18:04:27] [Server thread/INFO]: [Not Secure] [Slimegolembros] Jjaja no estoy en el piso
[18:04:27] [Server thread/INFO]: [Not Secure] [Slimegolembros] Jjaja no estoy en el piso
[18:04:27] [Server thread/INFO]: [Not Secure] [Slimegolembros] Jjaja no estoy en el piso
[18:04:27] [Server thread/INFO]: [Not Secure] [Slimegolembros] Jjaja no estoy en el piso
[18:04:27] [Server thread/INFO]: [Not Secure] [Slimegolembros] Jjaja no estoy en el piso
[18:04:28] [Server thread/INFO]: [Not Secure] [Slimegolembros] Jjaja no estoy en el piso
[18:04:28] [Server thread/INFO]: [Not Secure] [Slimegolembros] Jjaja no estoy en el piso
[18:04:28] [Server thread/INFO]: [Not Secure] [Slimegolembros] Jjaja no estoy en el piso
[18:04:28] [Server thread/INFO]: [Not Secure] [Slimegolembros] Jjaja no estoy en el piso
[18:04:28] [Server thread/INFO]: [Not Secure] [Slimegolembros] Jjaja no estoy en el piso
[18:04:28] [Server thread/INFO]: [Not Secure] [Slimegolembros] Jjaja no estoy en el piso
[18:04:28] [Server thread/INFO]: [Not Secure] [Slimegolembros] Jjaja no estoy en el piso
[18:04:28] [Server thread/INFO]: [Not Secure] [Slimegolembros] Jjaja no estoy en el piso
[18:04:28] [Server thread/INFO]: [Not Secure] [Slimegolembros] Jjaja no estoy en el piso
[18:04:28] [Server thread/INFO]: [Not Secure] [Slimegolembros] Jjaja no estoy en el piso
[18:04:28] [Server thread/INFO]: [Not Secure] [Slimegolembros] Jjaja no estoy en el piso
[18:04:28] [Server thread/INFO]: [Not Secure] [Slimegolembros] Jjaja no estoy en el piso
[18:04:28] [Server thread/INFO]: [Not Secure] [[Volcanos] volcon2] Jjaja no estoy en el piso
[18:04:28] [Server thread/INFO]: [Not Secure] [Slimegolembros] Jjaja no estoy en el piso
[18:04:28] [Server thread/INFO]: [Not Secure] [[Volcanos] volcon2] Jjaja no estoy en el piso
[18:04:28] [Server thread/INFO]: [Not Secure] [Slimegolembros] Jjaja no estoy en el piso
[18:04:28] [Server thread/INFO]: [Not Secure] [[Volcanos] volcon2] Jjaja no estoy en el piso
[18:04:28] [Server thread/INFO]: [Not Secure] [Slimegolembros] Jjaja no estoy en el piso
[18:04:28] [Server thread/INFO]: [Not Secure] [[Volcanos] volcon2] Jjaja no estoy en el piso
[18:04:28] [Server thread/INFO]: [Not Secure] [Slimegolembros] Jjaja no estoy en el piso
[18:04:28] [Server thread/INFO]: [Not Secure] [[Volcanos] volcon2] Jjaja no estoy en el piso
[18:04:28] [Server thread/INFO]: [Not Secure] [Slimegolembros] Jjaja no estoy en el piso
[18:04:28] [Server thread/INFO]: [Not Secure] [[Volcanos] volcon2] Jjaja no estoy en el piso
[18:04:28] [Server thread/INFO]: [Not Secure] [Slimegolembros] Jjaja no estoy en el piso
[18:04:28] [Server thread/INFO]: [Not Secure] [[Volcanos] volcon2] Jjaja no estoy en el piso
[18:04:28] [Server thread/INFO]: [Not Secure] [Slimegolembros] Jjaja no estoy en el piso
[18:04:28] [Server thread/INFO]: [Not Secure] [Slimegolembros] Jjaja no estoy en el piso
[18:04:28] [Server thread/INFO]: [Not Secure] [[Volcanos] volcon2] Jjaja no estoy en el piso
[18:04:29] [Server thread/INFO]: [Not Secure] [[Volcanos] volcon2] Jjaja no estoy en el piso
[18:04:29] [Server thread/INFO]: [Not Secure] [Slimegolembros] Jjaja no estoy en el piso
[18:04:29] [Server thread/INFO]: [Not Secure] [Slimegolembros] Jjaja no estoy en el piso
[18:04:29] [Server thread/INFO]: [Not Secure] [Slimegolembros] Jjaja no estoy en el piso
[18:04:29] [Server thread/INFO]: [Not Secure] [Slimegolembros] Jjaja no estoy en el piso
[18:04:29] [Server thread/INFO]: [Not Secure] [Slimegolembros] Jjaja no estoy en el piso
[18:04:29] [Server thread/INFO]: [Not Secure] [Slimegolembros] Jjaja no estoy en el piso
[18:04:29] [Server thread/INFO]: [Not Secure] [Slimegolembros] Jjaja no estoy en el piso
[18:04:29] [Server thread/INFO]: [Not Secure] [Slimegolembros] Jjaja no estoy en el piso
[18:04:29] [Server thread/INFO]: [Not Secure] [Slimegolembros] Jjaja no estoy en el piso
[18:04:29] [Server thread/INFO]: [Not Secure] [Slimegolembros] Jjaja no estoy en el piso
[18:04:29] [Server thread/INFO]: [Not Secure] [Slimegolembros] Jjaja no estoy en el piso
[18:04:29] [Server thread/INFO]: [Not Secure] [Slimegolembros] Jjaja no estoy en el piso
[18:04:29] [Server thread/INFO]: [Not Secure] [Slimegolembros] Jjaja no estoy en el piso
[18:04:29] [Server thread/INFO]: [Not Secure] [Slimegolembros] Jjaja no estoy en el piso
[18:04:29] [Server thread/INFO]: [Not Secure] [Slimegolembros] Jjaja no estoy en el piso
[18:04:29] [Server thread/INFO]: [Not Secure] [[Volcanos] volcon2] Jjaja no estoy en el piso
[18:04:29] [Server thread/INFO]: [Not Secure] [Slimegolembros] Jjaja no estoy en el piso
[18:04:29] [Server thread/INFO]: [Not Secure] [[Volcanos] volcon2] Jjaja no estoy en el piso
[18:04:29] [Server thread/INFO]: [Not Secure] [Slimegolembros] Jjaja no estoy en el piso
[18:04:29] [Server thread/INFO]: [Not Secure] [Slimegolembros] Jjaja no estoy en el piso
[18:04:29] [Server thread/INFO]: [Not Secure] [[Volcanos] volcon2] Jjaja no estoy en el piso
[18:04:29] [Server thread/INFO]: [Not Secure] [Slimegolembros] Jjaja no estoy en el piso
[18:04:29] [Server thread/INFO]: [Not Secure] [[Volcanos] volcon2] Jjaja no estoy en el piso
[18:04:29] [Server thread/INFO]: [Not Secure] [Slimegolembros] Jjaja no estoy en el piso
[18:04:30] [Server thread/INFO]: [Not Secure] [[Volcanos] volcon2] Jjaja no estoy en el piso
[18:04:30] [Server thread/INFO]: [Not Secure] [Slimegolembros] Jjaja no estoy en el piso
[18:04:30] [Server thread/INFO]: [Not Secure] [[Volcanos] volcon2] Jjaja no estoy en el piso
[18:04:30] [Server thread/INFO]: [Not Secure] [Slimegolembros] Jjaja no estoy en el piso
[18:04:30] [Server thread/INFO]: [Not Secure] [[Volcanos] volcon2] Jjaja no estoy en el piso
[18:04:30] [Server thread/INFO]: [Not Secure] [Slimegolembros] Jjaja no estoy en el piso
[18:04:30] [Server thread/INFO]: [Not Secure] [[Volcanos] volcon2] Jjaja no estoy en el piso
[18:04:30] [Server thread/INFO]: [Not Secure] [Slimegolembros] Jjaja no estoy en el piso
[18:04:30] [Server thread/INFO]: [Not Secure] [[Volcanos] volcon2] Jjaja no estoy en el piso
[18:04:30] [Server thread/INFO]: [Not Secure] [Slimegolembros] Jjaja no estoy en el piso
[18:04:30] [Server thread/INFO]: [Not Secure] [Slimegolembros] Jjaja no estoy en el piso
[18:04:30] [Server thread/INFO]: [Not Secure] [Slimegolembros] Jjaja no estoy en el piso
[18:04:30] [Server thread/INFO]: [Not Secure] [Slimegolembros] Jjaja no estoy en el piso
[18:04:30] [Server thread/INFO]: [Not Secure] [Slimegolembros] Jjaja no estoy en el piso
[18:04:30] [Server thread/INFO]: [Not Secure] [Slimegolembros] Jjaja no estoy en el piso
[18:04:30] [Server thread/INFO]: [Not Secure] [Slimegolembros] Jjaja no estoy en el piso
[18:04:30] [Server thread/INFO]: [Not Secure] [Slimegolembros] Jjaja no estoy en el piso
[18:04:30] [Server thread/INFO]: [Not Secure] [Slimegolembros] Jjaja no estoy en el piso
[18:04:30] [Server thread/INFO]: [Not Secure] [Slimegolembros] Jjaja no estoy en el piso
[18:04:30] [Server thread/INFO]: [Not Secure] [Slimegolembros] Jjaja no estoy en el piso
[18:04:30] [Server thread/INFO]: [Not Secure] [Slimegolembros] Jjaja no estoy en el piso
[18:04:30] [Server thread/INFO]: [Not Secure] [Slimegolembros] Jjaja no estoy en el piso
[18:04:30] [Server thread/INFO]: [Not Secure] [Slimegolembros] Jjaja no estoy en el piso
[18:04:30] [Server thread/INFO]: [Not Secure] [Slimegolembros] Jjaja no estoy en el piso
[18:04:30] [Server thread/INFO]: [Not Secure] [Slimegolembros] Jjaja no estoy en el piso
[18:04:31] [Server thread/INFO]: [Not Secure] [Slimegolembros] Jjaja no estoy en el piso
[18:04:31] [Server thread/INFO]: [Not Secure] [Slimegolembros] Jjaja no estoy en el piso
[18:04:31] [Server thread/INFO]: [Not Secure] [[Volcanos] volcon2] Jjaja no estoy en el piso
[18:04:31] [Server thread/INFO]: [Not Secure] [Slimegolembros] Jjaja no estoy en el piso
[18:04:31] [Server thread/INFO]: [Not Secure] [[Volcanos] volcon2] Jjaja no estoy en el piso
[18:04:31] [Server thread/INFO]: [Not Secure] [Slimegolembros] Jjaja no estoy en el piso
[18:04:31] [Server thread/INFO]: [Not Secure] [[Volcanos] volcon2] Jjaja no estoy en el piso
[18:04:31] [Server thread/INFO]: [Not Secure] [Slimegolembros] Jjaja no estoy en el piso
[18:04:31] [Server thread/INFO]: [Not Secure] [[Volcanos] volcon2] Jjaja no estoy en el piso
[18:04:31] [Server thread/INFO]: [Not Secure] [Slimegolembros] Jjaja no estoy en el piso
[18:04:31] [Server thread/INFO]: [Not Secure] [[Volcanos] volcon2] Jjaja no estoy en el piso
[18:04:31] [Server thread/INFO]: [Not Secure] [Slimegolembros] Jjaja no estoy en el piso
[18:04:31] [Server thread/INFO]: [Not Secure] [[Volcanos] volcon2] Jjaja no estoy en el piso
[18:04:31] [Server thread/INFO]: [Not Secure] [Slimegolembros] Jjaja no estoy en el piso
[18:04:31] [Server thread/INFO]: [Not Secure] [[Volcanos] volcon2] Jjaja no estoy en el piso
[18:04:31] [Server thread/INFO]: [Not Secure] [Slimegolembros] Jjaja no estoy en el piso
[18:04:31] [Server thread/INFO]: [Not Secure] [[Volcanos] volcon2] Jjaja no estoy en el piso
[18:04:31] [Server thread/INFO]: [Not Secure] [Slimegolembros] Jjaja no estoy en el piso
[18:04:31] [Server thread/INFO]: [Not Secure] [[Volcanos] volcon2] Jjaja no estoy en el piso
[18:04:31] [Server thread/INFO]: [Not Secure] [Slimegolembros] Jjaja no estoy en el piso
[18:04:31] [Server thread/INFO]: [Not Secure] [Slimegolembros] Jjaja no estoy en el piso
[18:04:31] [Server thread/INFO]: [Not Secure] [Slimegolembros] Jjaja no estoy en el piso
[18:04:31] [Server thread/INFO]: [Not Secure] [Slimegolembros] Jjaja no estoy en el piso
[18:04:31] [Server thread/INFO]: [Not Secure] [Slimegolembros] Jjaja no estoy en el piso
[18:04:31] [Server thread/INFO]: [Not Secure] [Slimegolembros] Jjaja no estoy en el piso
[18:04:31] [Server thread/INFO]: [Not Secure] [[Volcanos] volcon2] Jjaja no estoy en el piso
[18:04:31] [Server thread/INFO]: [Not Secure] [Slimegolembros] Jjaja no estoy en el piso
[18:04:31] [Server thread/INFO]: [Not Secure] [[Volcanos] volcon2] Jjaja no estoy en el piso
[18:04:31] [Server thread/INFO]: [Not Secure] [Slimegolembros] Jjaja no estoy en el piso
[18:04:31] [Server thread/INFO]: [Not Secure] [[Volcanos] volcon2] Jjaja no estoy en el piso
[18:04:31] [Server thread/INFO]: [Not Secure] [Slimegolembros] Jjaja no estoy en el piso
[18:04:31] [Server thread/INFO]: [Not Secure] [[Volcanos] volcon2] Jjaja no estoy en el piso
[18:04:31] [Server thread/INFO]: [Not Secure] [Slimegolembros] Jjaja no estoy en el piso
[18:04:32] [Server thread/INFO]: [Not Secure] [[Volcanos] volcon2] Jjaja no estoy en el piso
[18:04:32] [Server thread/INFO]: [Not Secure] [Slimegolembros] Jjaja no estoy en el piso
[18:04:32] [Server thread/INFO]: [Not Secure] [[Volcanos] volcon2] Jjaja no estoy en el piso
[18:04:32] [Server thread/INFO]: [Not Secure] [Slimegolembros] Jjaja no estoy en el piso
[18:04:32] [Server thread/INFO]: [Not Secure] [[Volcanos] volcon2] Jjaja no estoy en el piso
[18:04:32] [Server thread/INFO]: [Not Secure] [Slimegolembros] Jjaja no estoy en el piso
[18:04:32] [Server thread/INFO]: [Not Secure] [Slimegolembros] Jjaja no estoy en el piso
[18:04:32] [Server thread/INFO]: [Not Secure] [[Volcanos] volcon2] Jjaja no estoy en el piso
[18:04:32] [Server thread/INFO]: [Not Secure] [[Volcanos] volcon2] Jjaja no estoy en el piso
[18:04:32] [Server thread/INFO]: [Not Secure] [Slimegolembros] Jjaja no estoy en el piso
[18:04:32] [Server thread/INFO]: [Not Secure] [Slimegolembros] Jjaja no estoy en el piso
[18:04:32] [Server thread/INFO]: [Not Secure] [Slimegolembros] Jjaja no estoy en el piso
[18:04:32] [Server thread/INFO]: [Not Secure] [Slimegolembros] Jjaja no estoy en el piso
[18:04:32] [Server thread/INFO]: [Not Secure] [Slimegolembros] Jjaja no estoy en el piso
[18:04:32] [Server thread/INFO]: [Not Secure] [Slimegolembros] Jjaja no estoy en el piso
[18:04:32] [Server thread/INFO]: [Not Secure] [Slimegolembros] Jjaja no estoy en el piso
[18:04:32] [Server thread/INFO]: [Not Secure] [Slimegolembros] Jjaja no estoy en el piso
[18:04:32] [Server thread/INFO]: [Not Secure] [Slimegolembros] Jjaja no estoy en el piso
[18:04:32] [Server thread/INFO]: [Not Secure] [Slimegolembros] Jjaja no estoy en el piso
[18:04:32] [Server thread/INFO]: [Not Secure] [Slimegolembros] Jjaja no estoy en el piso
[18:04:32] [Server thread/INFO]: [Not Secure] [Slimegolembros] Jjaja no estoy en el piso
[18:04:32] [Server thread/INFO]: [Not Secure] [Slimegolembros] Jjaja no estoy en el piso
[18:04:32] [Server thread/INFO]: [Not Secure] [Slimegolembros] Jjaja no estoy en el piso
[18:04:32] [Server thread/INFO]: [Not Secure] [Slimegolembros] Jjaja no estoy en el piso
[18:04:32] [Server thread/INFO]: [Not Secure] [Slimegolembros] Jjaja no estoy en el piso
[18:04:33] [Server thread/INFO]: [Not Secure] [Slimegolembros] Jjaja no estoy en el piso
[18:04:33] [Server thread/INFO]: [Not Secure] [Slimegolembros] Jjaja no estoy en el piso
[18:04:33] [Server thread/INFO]: [Not Secure] [Slimegolembros] Jjaja no estoy en el piso
[18:04:33] [Server thread/INFO]: [Not Secure] [Slimegolembros] Jjaja no estoy en el piso
[18:04:33] [Server thread/INFO]: [Not Secure] [Slimegolembros] Jjaja no estoy en el piso
[18:04:33] [Server thread/INFO]: [Not Secure] [Slimegolembros] Jjaja no estoy en el piso
[18:04:33] [Server thread/INFO]: [Not Secure] [Slimegolembros] Jjaja no estoy en el piso
[18:04:33] [Server thread/INFO]: [Not Secure] [Slimegolembros] Jjaja no estoy en el piso
[18:04:33] [Server thread/INFO]: [Not Secure] [Slimegolembros] Jjaja no estoy en el piso
[18:04:33] [Server thread/INFO]: [Not Secure] [Slimegolembros] Jjaja no estoy en el piso
[18:04:33] [Server thread/INFO]: [Not Secure] [Slimegolembros] Jjaja no estoy en el piso
[18:04:33] [Server thread/INFO]: [Not Secure] [Slimegolembros] Jjaja no estoy en el piso
[18:04:33] [Server thread/INFO]: [Not Secure] [Slimegolembros] Jjaja no estoy en el piso
[18:04:33] [Server thread/INFO]: [Not Secure] [Slimegolembros] Jjaja no estoy en el piso
[18:04:33] [Server thread/INFO]: [Not Secure] [Slimegolembros] Jjaja no estoy en el piso
[18:04:33] [Server thread/INFO]: [Not Secure] [Slimegolembros] Jjaja no estoy en el piso
[18:04:33] [Server thread/INFO]: [Not Secure] [Slimegolembros] Jjaja no estoy en el piso
[18:04:33] [Server thread/INFO]: [Not Secure] [Slimegolembros] Jjaja no estoy en el piso
[18:04:33] [Server thread/INFO]: [Not Secure] [Slimegolembros] Jjaja no estoy en el piso
[18:04:33] [Server thread/INFO]: [Not Secure] [Slimegolembros] Jjaja no estoy en el piso
[18:04:34] [Server thread/INFO]: [Not Secure] [Slimegolembros] Jjaja no estoy en el piso
[18:04:34] [Server thread/INFO]: [Not Secure] [Slimegolembros] Jjaja no estoy en el piso
[18:04:34] [Server thread/INFO]: [Not Secure] [Slimegolembros] Jjaja no estoy en el piso
[18:04:34] [Server thread/INFO]: [Not Secure] [Slimegolembros] Jjaja no estoy en el piso
[18:04:34] [Server thread/INFO]: [Not Secure] [Slimegolembros] Jjaja no estoy en el piso
[18:04:34] [Server thread/INFO]: [Not Secure] [Slimegolembros] Jjaja no estoy en el piso
[18:04:34] [Server thread/INFO]: [Not Secure] [[Volcanos] volcon2] Jjaja no estoy en el piso
[18:04:34] [Server thread/INFO]: [Not Secure] [Slimegolembros] Jjaja no estoy en el piso
[18:04:34] [Server thread/INFO]: [Not Secure] [[Volcanos] volcon2] Jjaja no estoy en el piso
[18:04:34] [Server thread/INFO]: [Not Secure] [Slimegolembros] Jjaja no estoy en el piso
[18:04:34] [Server thread/INFO]: [Not Secure] [[Volcanos] volcon2] Jjaja no estoy en el piso
[18:04:34] [Server thread/INFO]: [Not Secure] [Slimegolembros] Jjaja no estoy en el piso
[18:04:34] [Server thread/INFO]: [Not Secure] [[Volcanos] volcon2] Jjaja no estoy en el piso
[18:04:34] [Server thread/INFO]: [Not Secure] [Slimegolembros] Jjaja no estoy en el piso
[18:04:34] [Server thread/INFO]: [Not Secure] [[Volcanos] volcon2] Jjaja no estoy en el piso
[18:04:34] [Server thread/INFO]: [Not Secure] [Slimegolembros] Jjaja no estoy en el piso
[18:04:34] [Server thread/INFO]: [Not Secure] [[Volcanos] volcon2] Jjaja no estoy en el piso
[18:04:34] [Server thread/INFO]: [Not Secure] [Slimegolembros] Jjaja no estoy en el piso
[18:04:34] [Server thread/INFO]: [Not Secure] [[Volcanos] volcon2] Jjaja no estoy en el piso
[18:04:34] [Server thread/INFO]: [Not Secure] [Slimegolembros] Jjaja no estoy en el piso
[18:04:34] [Server thread/INFO]: [Not Secure] [[Volcanos] volcon2] Jjaja no estoy en el piso
[18:04:34] [Server thread/INFO]: [Not Secure] [Slimegolembros] Jjaja no estoy en el piso
[18:04:34] [Server thread/INFO]: [Not Secure] [[Volcanos] volcon2] Jjaja no estoy en el piso
[18:04:34] [Server thread/INFO]: [Not Secure] [Slimegolembros] Jjaja no estoy en el piso
[18:04:34] [Server thread/INFO]: [Not Secure] [Slimegolembros] Jjaja no estoy en el piso
[18:04:34] [Server thread/INFO]: [Not Secure] [Slimegolembros] Jjaja no estoy en el piso
[18:04:34] [Server thread/INFO]: [Not Secure] [[Volcanos] volcon2] Jjaja no estoy en el piso
[18:04:34] [Server thread/INFO]: [Not Secure] [Slimegolembros] Jjaja no estoy en el piso
[18:04:34] [Server thread/INFO]: [Not Secure] [[Volcanos] volcon2] Jjaja no estoy en el piso
[18:04:34] [Server thread/INFO]: [Not Secure] [Slimegolembros] Jjaja no estoy en el piso
[18:04:34] [Server thread/INFO]: [Not Secure] [[Volcanos] volcon2] Jjaja no estoy en el piso
[18:04:34] [Server thread/INFO]: [Not Secure] [Slimegolembros] Jjaja no estoy en el piso
[18:04:35] [Server thread/INFO]: [Not Secure] [[Volcanos] volcon2] Jjaja no estoy en el piso
[18:04:35] [Server thread/INFO]: [Not Secure] [Slimegolembros] Jjaja no estoy en el piso
[18:04:35] [Server thread/INFO]: [Not Secure] [[Volcanos] volcon2] Jjaja no estoy en el piso
[18:04:35] [Server thread/INFO]: [Not Secure] [Slimegolembros] Jjaja no estoy en el piso
[18:04:35] [Server thread/INFO]: [Not Secure] [Slimegolembros] Jjaja no estoy en el piso
[18:04:35] [Server thread/INFO]: [Not Secure] [[Volcanos] volcon2] Jjaja no estoy en el piso
[18:04:35] [Server thread/INFO]: [Not Secure] [Slimegolembros] Jjaja no estoy en el piso
[18:04:35] [Server thread/INFO]: [Not Secure] [[Volcanos] volcon2] Jjaja no estoy en el piso
[18:04:35] [Server thread/INFO]: [Not Secure] [[Volcanos] volcon2] Jjaja no estoy en el piso
[18:04:35] [Server thread/INFO]: [Not Secure] [Slimegolembros] Jjaja no estoy en el piso
[18:04:35] [Server thread/INFO]: [Not Secure] [[Volcanos] volcon2] Jjaja no estoy en el piso
[18:04:35] [Server thread/INFO]: [Not Secure] [Slimegolembros] Jjaja no estoy en el piso
[18:04:35] [Server thread/INFO]: [Not Secure] [[Volcanos] volcon2] Jjaja no estoy en el piso
[18:04:35] [Server thread/INFO]: [Not Secure] [Slimegolembros] Jjaja no estoy en el piso
[18:04:35] [Server thread/INFO]: [Not Secure] [Slimegolembros] Jjaja no estoy en el piso
[18:04:35] [Server thread/INFO]: [Not Secure] [Slimegolembros] Jjaja no estoy en el piso
[18:04:35] [Server thread/INFO]: [Not Secure] [Slimegolembros] Jjaja no estoy en el piso
[18:04:35] [Server thread/INFO]: [Not Secure] [Slimegolembros] Jjaja no estoy en el piso
[18:04:35] [Server thread/INFO]: [Not Secure] [Slimegolembros] Jjaja no estoy en el piso
[18:04:35] [Server thread/INFO]: [Not Secure] [Slimegolembros] Jjaja no estoy en el piso
[18:04:35] [Server thread/INFO]: [Not Secure] [Slimegolembros] Jjaja no estoy en el piso
[18:04:35] [Server thread/INFO]: [Not Secure] [Slimegolembros] Jjaja no estoy en el piso
[18:04:35] [Server thread/INFO]: [Not Secure] [Slimegolembros] Jjaja no estoy en el piso
[18:04:35] [Server thread/INFO]: [Not Secure] [Slimegolembros] Jjaja no estoy en el piso
[18:04:35] [Server thread/INFO]: [Not Secure] [[Volcanos] volcon2] Jjaja no estoy en el piso
[18:04:35] [Server thread/INFO]: [Not Secure] [Slimegolembros] Jjaja no estoy en el piso
[18:04:35] [Server thread/INFO]: [Not Secure] [[Volcanos] volcon2] Jjaja no estoy en el piso
[18:04:35] [Server thread/INFO]: [Not Secure] [Slimegolembros] Jjaja no estoy en el piso
[18:04:35] [Server thread/INFO]: [Not Secure] [[Volcanos] volcon2] Jjaja no estoy en el piso
[18:04:35] [Server thread/INFO]: [Not Secure] [Slimegolembros] Jjaja no estoy en el piso
[18:04:36] [Server thread/INFO]: [Not Secure] [[Volcanos] volcon2] Jjaja no estoy en el piso
[18:04:36] [Server thread/INFO]: [Not Secure] [Slimegolembros] Jjaja no estoy en el piso
[18:04:36] [Server thread/INFO]: [Not Secure] [Slimegolembros] Jjaja no estoy en el piso
[18:04:36] [Server thread/INFO]: [Not Secure] [[Volcanos] volcon2] Jjaja no estoy en el piso
[18:04:36] [Server thread/INFO]: [Not Secure] [[Volcanos] volcon2] Jjaja no estoy en el piso
[18:04:36] [Server thread/INFO]: [Not Secure] [Slimegolembros] Jjaja no estoy en el piso
[18:04:36] [Server thread/INFO]: [Not Secure] [[Volcanos] volcon2] Jjaja no estoy en el piso
[18:04:36] [Server thread/INFO]: [Not Secure] [Slimegolembros] Jjaja no estoy en el piso
[18:04:36] [Server thread/INFO]: [Not Secure] [[Volcanos] volcon2] Jjaja no estoy en el piso
[18:04:36] [Server thread/INFO]: [Not Secure] [Slimegolembros] Jjaja no estoy en el piso
[18:04:36] [Server thread/INFO]: [Not Secure] [[Volcanos] volcon2] Jjaja no estoy en el piso
[18:04:36] [Server thread/INFO]: [Not Secure] [Slimegolembros] Jjaja no estoy en el piso
[18:04:36] [Server thread/INFO]: [Not Secure] [[Volcanos] volcon2] Jjaja no estoy en el piso
[18:04:36] [Server thread/INFO]: [Not Secure] [Slimegolembros] Jjaja no estoy en el piso
[18:04:36] [Server thread/INFO]: [Not Secure] [Slimegolembros] Jjaja no estoy en el piso
[18:04:36] [Server thread/INFO]: [Not Secure] [Slimegolembros] Jjaja no estoy en el piso
[18:04:36] [Server thread/INFO]: [Not Secure] [Slimegolembros] Jjaja no estoy en el piso
[18:04:36] [Server thread/INFO]: [Not Secure] [Slimegolembros] Jjaja no estoy en el piso
[18:04:36] [Server thread/INFO]: [Not Secure] [Slimegolembros] Jjaja no estoy en el piso
[18:04:36] [Server thread/INFO]: [Not Secure] [Slimegolembros] Jjaja no estoy en el piso
[18:04:36] [Server thread/INFO]: [Not Secure] [Slimegolembros] Jjaja no estoy en el piso
[18:04:36] [Server thread/INFO]: [Not Secure] [Slimegolembros] Jjaja no estoy en el piso
[18:04:36] [Server thread/INFO]: [Not Secure] [Slimegolembros] Jjaja no estoy en el piso
[18:04:36] [Server thread/INFO]: [Not Secure] [Slimegolembros] Jjaja no estoy en el piso
[18:04:36] [Server thread/INFO]: [Not Secure] [[Volcanos] volcon2] Jjaja no estoy en el piso
[18:04:36] [Server thread/INFO]: [Not Secure] [Slimegolembros] Jjaja no estoy en el piso
[18:04:36] [Server thread/INFO]: [Not Secure] [[Volcanos] volcon2] Jjaja no estoy en el piso
[18:04:36] [Server thread/INFO]: [Not Secure] [Slimegolembros] Jjaja no estoy en el piso
[18:04:36] [Server thread/INFO]: [Not Secure] [[Volcanos] volcon2] Jjaja no estoy en el piso
[18:04:36] [Server thread/INFO]: [Not Secure] [Slimegolembros] Jjaja no estoy en el piso
[18:04:37] [Server thread/INFO]: [Not Secure] [Slimegolembros] Jjaja no estoy en el piso
[18:04:37] [Server thread/INFO]: [Not Secure] [[Volcanos] volcon2] Jjaja no estoy en el piso
[18:04:37] [Server thread/INFO]: [Not Secure] [[Volcanos] volcon2] Jjaja no estoy en el piso
[18:04:37] [Server thread/INFO]: [Not Secure] [Slimegolembros] Jjaja no estoy en el piso
[18:04:37] [Server thread/INFO]: [Not Secure] [[Volcanos] volcon2] Jjaja no estoy en el piso
[18:04:37] [Server thread/INFO]: [Not Secure] [Slimegolembros] Jjaja no estoy en el piso
[18:04:37] [Server thread/INFO]: [Not Secure] [[Volcanos] volcon2] Jjaja no estoy en el piso
[18:04:37] [Server thread/INFO]: [Not Secure] [Slimegolembros] Jjaja no estoy en el piso
[18:04:37] [Server thread/INFO]: [Not Secure] [[Volcanos] volcon2] Jjaja no estoy en el piso
[18:04:37] [Server thread/INFO]: [Not Secure] [Slimegolembros] Jjaja no estoy en el piso
[18:04:37] [Server thread/INFO]: [Not Secure] [[Volcanos] volcon2] Jjaja no estoy en el piso
[18:04:37] [Server thread/INFO]: [Not Secure] [Slimegolembros] Jjaja no estoy en el piso
[18:04:37] [Server thread/INFO]: [Not Secure] [[Volcanos] volcon2] Jjaja no estoy en el piso
[18:04:37] [Server thread/INFO]: [Not Secure] [Slimegolembros] Jjaja no estoy en el piso
[18:04:37] [Server thread/INFO]: [Not Secure] [Slimegolembros] Jjaja no estoy en el piso
[18:04:37] [Server thread/INFO]: [Not Secure] [Slimegolembros] Jjaja no estoy en el piso
[18:04:37] [Server thread/INFO]: [Not Secure] [Slimegolembros] Jjaja no estoy en el piso
[18:04:37] [Server thread/INFO]: [Not Secure] [Slimegolembros] Jjaja no estoy en el piso
[18:04:37] [Server thread/INFO]: [Not Secure] [Slimegolembros] Jjaja no estoy en el piso
[18:04:37] [Server thread/INFO]: [Not Secure] [Slimegolembros] Jjaja no estoy en el piso
[18:04:37] [Server thread/INFO]: [Not Secure] [Slimegolembros] Jjaja no estoy en el piso
[18:04:37] [Server thread/INFO]: [Not Secure] [Slimegolembros] Jjaja no estoy en el piso
[18:04:37] [Server thread/INFO]: [Not Secure] [Slimegolembros] Jjaja no estoy en el piso
[18:04:37] [Server thread/INFO]: [Not Secure] [Slimegolembros] Jjaja no estoy en el piso
[18:04:37] [Server thread/INFO]: [Not Secure] [[Volcanos] volcon2] Jjaja no estoy en el piso
[18:04:37] [Server thread/INFO]: [Not Secure] [Slimegolembros] Jjaja no estoy en el piso
[18:04:37] [Server thread/INFO]: [Not Secure] [[Volcanos] volcon2] Jjaja no estoy en el piso
[18:04:37] [Server thread/INFO]: [Not Secure] [Slimegolembros] Jjaja no estoy en el piso
[18:04:37] [Server thread/INFO]: [Not Secure] [[Volcanos] volcon2] Jjaja no estoy en el piso
[18:04:37] [Server thread/INFO]: [Not Secure] [Slimegolembros] Jjaja no estoy en el piso
[18:04:38] [Server thread/INFO]: [Not Secure] [[Volcanos] volcon2] Jjaja no estoy en el piso
[18:04:38] [Server thread/INFO]: [Not Secure] [Slimegolembros] Jjaja no estoy en el piso
[18:04:38] [Server thread/INFO]: [Not Secure] [[Volcanos] volcon2] Jjaja no estoy en el piso
[18:04:38] [Server thread/INFO]: [Not Secure] [Slimegolembros] Jjaja no estoy en el piso
[18:04:38] [Server thread/INFO]: [Not Secure] [Slimegolembros] Jjaja no estoy en el piso
[18:04:38] [Server thread/INFO]: [Not Secure] [[Volcanos] volcon2] Jjaja no estoy en el piso
[18:04:38] [Server thread/INFO]: [Not Secure] [[Volcanos] volcon2] Jjaja no estoy en el piso
[18:04:38] [Server thread/INFO]: [Not Secure] [Slimegolembros] Jjaja no estoy en el piso
[18:04:38] [Server thread/INFO]: [Not Secure] [Slimegolembros] Jjaja no estoy en el piso
[18:04:38] [Server thread/INFO]: [Not Secure] [[Volcanos] volcon2] Jjaja no estoy en el piso
[18:04:38] [Server thread/INFO]: [Not Secure] [[Volcanos] volcon2] Jjaja no estoy en el piso
[18:04:38] [Server thread/INFO]: [Not Secure] [Slimegolembros] Jjaja no estoy en el piso
[18:04:38] [Server thread/INFO]: [Not Secure] [[Volcanos] volcon2] Jjaja no estoy en el piso
[18:04:38] [Server thread/INFO]: [Not Secure] [Slimegolembros] Jjaja no estoy en el piso
[18:04:38] [Server thread/INFO]: [Not Secure] [Slimegolembros] Jjaja no estoy en el piso
[18:04:38] [Server thread/INFO]: [Not Secure] [Slimegolembros] Jjaja no estoy en el piso
[18:04:38] [Server thread/INFO]: [Not Secure] [Slimegolembros] Jjaja no estoy en el piso
[18:04:38] [Server thread/INFO]: [Not Secure] [Slimegolembros] Jjaja no estoy en el piso
[18:04:38] [Server thread/INFO]: [Not Secure] [Slimegolembros] Jjaja no estoy en el piso
[18:04:38] [Server thread/INFO]: [Not Secure] [Slimegolembros] Jjaja no estoy en el piso
[18:04:38] [Server thread/INFO]: [Not Secure] [Slimegolembros] Jjaja no estoy en el piso
[18:04:38] [Server thread/INFO]: [Not Secure] [Slimegolembros] Jjaja no estoy en el piso
[18:04:38] [Server thread/INFO]: [Not Secure] [Slimegolembros] Jjaja no estoy en el piso
[18:04:38] [Server thread/INFO]: [Not Secure] [Slimegolembros] Jjaja no estoy en el piso
[18:04:38] [Server thread/INFO]: [Not Secure] [Slimegolembros] Jjaja no estoy en el piso
[18:04:38] [Server thread/INFO]: [Not Secure] [[Volcanos] volcon2] Jjaja no estoy en el piso
[18:04:38] [Server thread/INFO]: [Not Secure] [Slimegolembros] Jjaja no estoy en el piso
[18:04:38] [Server thread/INFO]: [Not Secure] [[Volcanos] volcon2] Jjaja no estoy en el piso
[18:04:38] [Server thread/INFO]: [Not Secure] [[Volcanos] volcon2] Jjaja no estoy en el piso
[18:04:38] [Server thread/INFO]: [Not Secure] [Slimegolembros] Jjaja no estoy en el piso
[18:04:39] [Server thread/INFO]: [Not Secure] [[Volcanos] volcon2] Jjaja no estoy en el piso
[18:04:39] [Server thread/INFO]: [Not Secure] [Slimegolembros] Jjaja no estoy en el piso
[18:04:39] [Server thread/INFO]: [Not Secure] [[Volcanos] volcon2] Jjaja no estoy en el piso
[18:04:39] [Server thread/INFO]: [Not Secure] [Slimegolembros] Jjaja no estoy en el piso
[18:04:39] [Server thread/INFO]: [Not Secure] [Slimegolembros] Jjaja no estoy en el piso
[18:04:39] [Server thread/INFO]: [Not Secure] [[Volcanos] volcon2] Jjaja no estoy en el piso
[18:04:39] [Server thread/INFO]: [Not Secure] [[Volcanos] volcon2] Jjaja no estoy en el piso
[18:04:39] [Server thread/INFO]: [Not Secure] [Slimegolembros] Jjaja no estoy en el piso
[18:04:39] [Server thread/INFO]: [Not Secure] [[Volcanos] volcon2] Jjaja no estoy en el piso
[18:04:39] [Server thread/INFO]: [Not Secure] [Slimegolembros] Jjaja no estoy en el piso
[18:04:39] [Server thread/INFO]: [Not Secure] [[Volcanos] volcon2] Jjaja no estoy en el piso
[18:04:39] [Server thread/INFO]: [Not Secure] [Slimegolembros] Jjaja no estoy en el piso
[18:04:39] [Server thread/INFO]: [Not Secure] [[Volcanos] volcon2] Jjaja no estoy en el piso
[18:04:39] [Server thread/INFO]: [Not Secure] [Slimegolembros] Jjaja no estoy en el piso
[18:04:39] [Server thread/INFO]: [Not Secure] [Slimegolembros] Jjaja no estoy en el piso
[18:04:39] [Server thread/INFO]: [Not Secure] [Slimegolembros] Jjaja no estoy en el piso
[18:04:39] [Server thread/INFO]: [Not Secure] [Slimegolembros] Jjaja no estoy en el piso
[18:04:39] [Server thread/INFO]: [Not Secure] [Slimegolembros] Jjaja no estoy en el piso
[18:04:39] [Server thread/INFO]: [Not Secure] [Slimegolembros] Jjaja no estoy en el piso
[18:04:39] [Server thread/INFO]: [Not Secure] [Slimegolembros] Jjaja no estoy en el piso
[18:04:39] [Server thread/INFO]: [Not Secure] [Slimegolembros] Jjaja no estoy en el piso
[18:04:39] [Server thread/INFO]: [Not Secure] [Slimegolembros] Jjaja no estoy en el piso
[18:04:39] [Server thread/INFO]: [Not Secure] [Slimegolembros] Jjaja no estoy en el piso
[18:04:39] [Server thread/INFO]: [Not Secure] [Slimegolembros] Jjaja no estoy en el piso
[18:04:39] [Server thread/INFO]: [Not Secure] [[Volcanos] volcon2] Jjaja no estoy en el piso
[18:04:39] [Server thread/INFO]: [Not Secure] [Slimegolembros] Jjaja no estoy en el piso
[18:04:39] [Server thread/INFO]: [Not Secure] [[Volcanos] volcon2] Jjaja no estoy en el piso
[18:04:39] [Server thread/INFO]: [Not Secure] [Slimegolembros] Jjaja no estoy en el piso
[18:04:39] [Server thread/INFO]: [Not Secure] [Slimegolembros] Jjaja no estoy en el piso
[18:04:39] [Server thread/INFO]: [Not Secure] [[Volcanos] volcon2] Jjaja no estoy en el piso
[18:04:40] [Server thread/INFO]: [Not Secure] [[Volcanos] volcon2] Jjaja no estoy en el piso
[18:04:40] [Server thread/INFO]: [Not Secure] [Slimegolembros] Jjaja no estoy en el piso
[18:04:40] [Server thread/INFO]: [Not Secure] [[Volcanos] volcon2] Jjaja no estoy en el piso
[18:04:40] [Server thread/INFO]: [Not Secure] [Slimegolembros] Jjaja no estoy en el piso
[18:04:40] [Server thread/INFO]: Villager Villager['Villager'/4248, uuid='15b8c40a-016f-4995-b948-e02aa33686e4', l='ServerLevel[world]', x=-19008.42, y=50.92, z=4565.62, cpos=[-1189, 285], tl=10262, v=true] died, message: 'Villager was slain by Zombie'
[18:04:40] [Server thread/INFO]: [Not Secure] [[Volcanos] volcon2] Jjaja no estoy en el piso
[18:04:40] [Server thread/INFO]: [Not Secure] [Slimegolembros] Jjaja no estoy en el piso
[18:04:40] [Server thread/INFO]: [Not Secure] [[Volcanos] volcon2] Jjaja no estoy en el piso
[18:04:40] [Server thread/INFO]: [Not Secure] [Slimegolembros] Jjaja no estoy en el piso
[18:04:40] [Server thread/INFO]: [Not Secure] [[Volcanos] volcon2] Jjaja no estoy en el piso
[18:04:40] [Server thread/INFO]: [Not Secure] [Slimegolembros] Jjaja no estoy en el piso
[18:04:40] [Server thread/INFO]: [Not Secure] [[Volcanos] volcon2] Jjaja no estoy en el piso
[18:04:40] [Server thread/INFO]: [Not Secure] [Slimegolembros] Jjaja no estoy en el piso
[18:04:40] [Server thread/INFO]: [Not Secure] [[Volcanos] volcon2] Jjaja no estoy en el piso
[18:04:40] [Server thread/INFO]: [Not Secure] [Slimegolembros] Jjaja no estoy en el piso
[18:04:40] [Server thread/INFO]: [Not Secure] [Slimegolembros] Jjaja no estoy en el piso
[18:04:40] [Server thread/INFO]: [Not Secure] [Slimegolembros] Jjaja no estoy en el piso
[18:04:40] [Server thread/INFO]: [Not Secure] [Slimegolembros] Jjaja no estoy en el piso
[18:04:40] [Server thread/INFO]: [Not Secure] [Slimegolembros] Jjaja no estoy en el piso
[18:04:40] [Server thread/INFO]: [Not Secure] [Slimegolembros] Jjaja no estoy en el piso
[18:04:40] [Server thread/INFO]: [Not Secure] [Slimegolembros] Jjaja no estoy en el piso
[18:04:40] [Server thread/INFO]: [Not Secure] [Slimegolembros] Jjaja no estoy en el piso
[18:04:40] [Server thread/INFO]: [Not Secure] [Slimegolembros] Jjaja no estoy en el piso
[18:04:40] [Server thread/INFO]: [Not Secure] [Slimegolembros] Jjaja no estoy en el piso
[18:04:40] [Server thread/INFO]: [Not Secure] [Slimegolembros] Jjaja no estoy en el piso
[18:04:40] [Server thread/INFO]: [Not Secure] [[Volcanos] volcon2] Jjaja no estoy en el piso
[18:04:40] [Server thread/INFO]: [Not Secure] [Slimegolembros] Jjaja no estoy en el piso
[18:04:40] [Server thread/INFO]: [Not Secure] [[Volcanos] volcon2] Jjaja no estoy en el piso
[18:04:40] [Server thread/INFO]: [Not Secure] [Slimegolembros] Jjaja no estoy en el piso
[18:04:40] [Server thread/INFO]: [Not Secure] [[Volcanos] volcon2] Jjaja no estoy en el piso
[18:04:40] [Server thread/INFO]: [Not Secure] [Slimegolembros] Jjaja no estoy en el piso
[18:04:41] [Server thread/INFO]: [Not Secure] [[Volcanos] volcon2] Jjaja no estoy en el piso
[18:04:41] [Server thread/INFO]: [Not Secure] [Slimegolembros] Jjaja no estoy en el piso
[18:04:41] [Server thread/INFO]: [Not Secure] [[Volcanos] volcon2] Jjaja no estoy en el piso
[18:04:41] [Server thread/INFO]: [Not Secure] [Slimegolembros] Jjaja no estoy en el piso
[18:04:41] [Server thread/INFO]: [Not Secure] [[Volcanos] volcon2] Jjaja no estoy en el piso
[18:04:41] [Server thread/INFO]: [Not Secure] [Slimegolembros] Jjaja no estoy en el piso
[18:04:41] [Server thread/INFO]: [Not Secure] [[Volcanos] volcon2] Jjaja no estoy en el piso
[18:04:41] [Server thread/INFO]: [Not Secure] [Slimegolembros] Jjaja no estoy en el piso
[18:04:41] [Server thread/INFO]: [Not Secure] [[Volcanos] volcon2] Jjaja no estoy en el piso
[18:04:41] [Server thread/INFO]: [Not Secure] [Slimegolembros] Jjaja no estoy en el piso
[18:04:41] [Server thread/INFO]: [Not Secure] [[Volcanos] volcon2] Jjaja no estoy en el piso
[18:04:41] [Server thread/INFO]: [Not Secure] [Slimegolembros] Jjaja no estoy en el piso
[18:04:41] [Server thread/INFO]: [Not Secure] [[Volcanos] volcon2] Jjaja no estoy en el piso
[18:04:41] [Server thread/INFO]: [Not Secure] [Slimegolembros] Jjaja no estoy en el piso
[18:04:41] [Server thread/INFO]: [Not Secure] [Slimegolembros] Jjaja no estoy en el piso
[18:04:41] [Server thread/INFO]: [Not Secure] [Slimegolembros] Jjaja no estoy en el piso
[18:04:41] [Server thread/INFO]: [Not Secure] [Slimegolembros] Jjaja no estoy en el piso
[18:04:41] [Server thread/INFO]: [Not Secure] [Slimegolembros] Jjaja no estoy en el piso
[18:04:41] [Server thread/INFO]: [Not Secure] [Slimegolembros] Jjaja no estoy en el piso
[18:04:41] [Server thread/INFO]: [Not Secure] [Slimegolembros] Jjaja no estoy en el piso
[18:04:41] [Server thread/INFO]: [Not Secure] [Slimegolembros] Jjaja no estoy en el piso
[18:04:41] [Server thread/INFO]: [Not Secure] [Slimegolembros] Jjaja no estoy en el piso
[18:04:41] [Server thread/INFO]: [Not Secure] [Slimegolembros] Jjaja no estoy en el piso
[18:04:41] [Server thread/INFO]: [Not Secure] [Slimegolembros] Jjaja no estoy en el piso
[18:04:41] [Server thread/INFO]: [Not Secure] [Slimegolembros] Jjaja no estoy en el piso
[18:04:41] [Server thread/INFO]: [Not Secure] [Slimegolembros] Jjaja no estoy en el piso
[18:04:41] [Server thread/INFO]: [Not Secure] [Slimegolembros] Jjaja no estoy en el piso
[18:04:42] [Server thread/INFO]: [Not Secure] [Slimegolembros] Jjaja no estoy en el piso
[18:04:42] [Server thread/INFO]: [Not Secure] [Slimegolembros] Jjaja no estoy en el piso
[18:04:42] [Server thread/INFO]: [Not Secure] [Slimegolembros] Jjaja no estoy en el piso
[18:04:42] [Server thread/INFO]: [Not Secure] [Slimegolembros] Jjaja no estoy en el piso
[18:04:43] [Server thread/INFO]: Villager Villager['Villager'/4274, uuid='1d6be38c-873a-4e7e-8e5e-2aa488544802', l='ServerLevel[world]', x=-19009.30, y=49.00, z=4565.30, cpos=[-1189, 285], tl=18069, v=true] died, message: 'Villager was slain by Zombie'
[18:04:44] [Async Chat Thread - #11/INFO]: [Not Secure] <Xautral> ya
[18:04:52] [Async Chat Thread - #11/INFO]: [Not Secure] <Xautral> jaja no estoy en el piso
[18:05:07] [Server thread/INFO]: [Slimegolembros: Set own game mode to Spectator Mode]
[18:05:24] [Server thread/INFO]: [Slimegolembros: Set own game mode to Creative Mode]
[18:05:32] [Server thread/INFO]: Slimegolembros issued server command: /tp 2003030 120 -193747
[18:05:32] [Server thread/INFO]: [Slimegolembros: Teleported Slimegolembros to 2003030.500000, 120.000000, -193746.500000]
[18:06:03] [Server thread/INFO]: [Xautral: Set own game mode to Survival Mode]
[18:06:13] [Server thread/INFO]: Xautral issued server command: /effect clear Xautral minecraft:invisibility
[18:06:13] [Server thread/INFO]: [Xautral: Removed effect Invisibility from Xautral]
[18:06:38] [Server thread/INFO]: [Xautral: Set own game mode to Creative Mode]
[18:06:45] [Server thread/INFO]: [Xautral: Set own game mode to Survival Mode]
[18:07:12] [Server thread/INFO]: [Xautral: Set own game mode to Creative Mode]
[18:07:22] [Server thread/INFO]: Slimegolembros issued server command: /fill 2003040 186 -193876 2003023 186 -193808 minecraft:barrier
[18:07:22] [Server thread/INFO]: [Slimegolembros: Successfully filled 1242 block(s)]
[18:07:27] [Server thread/INFO]: Xautral issued server command: /tp volcon2
[18:07:27] [Server thread/INFO]: [Xautral: Teleported Xautral to [Volcanos] volcon2]
[18:07:29] [Server thread/INFO]: [Xautral: Set own game mode to Survival Mode]
[18:07:51] [Async Chat Thread - #13/INFO]: [Not Secure] <volcon2> comoo se hace una cuerda
[18:07:55] [Async Chat Thread - #14/INFO]: [Not Secure] <volcon2> pa jalar aldeanos
[18:07:55] [Async Chat Thread - #14/INFO]: [Not Secure] <Xautral> sabe
[18:07:56] [Async Chat Thread - #14/INFO]: [Not Secure] <Xautral> con cuero
[18:07:58] [Server thread/INFO]: Xautral issued server command: /tp Slimegolembros
[18:07:58] [Server thread/INFO]: [Xautral: Teleported Xautral to Slimegolembros]
[18:08:32] [Server thread/INFO]: Slimegolembros issued server command: /fill 2003040 186 -193877 2003023 195 -193877 minecraft:barrier
[18:08:32] [Server thread/INFO]: [Slimegolembros: Successfully filled 180 block(s)]
[18:09:36] [Server thread/INFO]: Villager Villager['Nitwit'/4477, uuid='e5ce81ad-1412-4779-8a1e-141b2298993f', l='ServerLevel[world]', x=-18972.06, y=72.00, z=4545.80, cpos=[-1186, 284], tl=11299, v=true] died, message: 'Nitwit was slain by [Volcanos] volcon2'
[18:09:37] [Server thread/INFO]: Slimegolembros issued server command: /fill 2003022 187 -193876 2003022 195 -193808 minecraft:barrier
[18:09:37] [Server thread/INFO]: [Slimegolembros: Successfully filled 621 block(s)]
[18:09:46] [Server thread/INFO]: Xautral issued server command: /give Xautral mace
[18:09:46] [Server thread/INFO]: [Xautral: Gave 1 [Mace] to Xautral]
[18:09:52] [Server thread/INFO]: Villager Villager['Villager'/4409, uuid='516009c9-8615-4a1c-b29d-d30757c276d5', l='ServerLevel[world]', x=-18952.25, y=72.00, z=4557.75, cpos=[-1185, 284], tl=11628, v=true] died, message: 'Villager was slain by [Volcanos] volcon2'
[18:09:57] [Server thread/INFO]: Xautral issued server command: /ie enchant wind_burst 3
[18:10:10] [Server thread/INFO]: Xautral issued server command: /give Xautral minecraft:chainmail_chestplate
[18:10:10] [Server thread/INFO]: [Xautral: Gave 1 [Chainmail Chestplate] to Xautral]
[18:10:32] [Server thread/INFO]: Slimegolembros issued server command: /fill 2003023 187 -193807 2003041 195 -193807 minecraft:barrier
[18:10:32] [Server thread/INFO]: [Slimegolembros: Successfully filled 171 block(s)]
[18:10:51] [Server thread/INFO]: Xautral issued server command: /tp 0 0 0
[18:10:51] [Server thread/INFO]: [Xautral: Teleported Xautral to 0.500000, 0.000000, 0.500000]
[18:10:51] [Server thread/INFO]: [Xautral: Set own game mode to Creative Mode]
[18:11:02] [Server thread/INFO]: Slimegolembros issued server command: /fill 2003041 187 -193876 2003041 195 -193808 minecraft:barrier
[18:11:02] [Server thread/INFO]: [Slimegolembros: Successfully filled 621 block(s)]
[18:11:20] [Server thread/INFO]: Slimegolembros issued server command: /fill 2003040 196 -193876 2003023 196 -193808 minecraft:barrier
[18:11:20] [Server thread/INFO]: [Slimegolembros: Successfully filled 1242 block(s)]
[18:11:24] [Server thread/INFO]: [Slimegolembros: Set own game mode to Spectator Mode]
[18:11:26] [Server thread/INFO]: [Slimegolembros: Set own game mode to Creative Mode]
[18:11:30] [Async Chat Thread - #15/INFO]: [Not Secure] <volcon2> tengo la sensacion que a estos aldeanos les gusta
[18:11:38] [Server thread/INFO]: [Slimegolembros: Set own game mode to Spectator Mode]
[18:11:41] [Server thread/INFO]: [Slimegolembros: Set own game mode to Creative Mode]
[18:12:10] [Server thread/INFO]: [Slimegolembros: Set own game mode to Spectator Mode]
[18:12:13] [Server thread/INFO]: [Slimegolembros: Set own game mode to Creative Mode]
[18:13:06] [Server thread/INFO]: volcon2 lost connection: Disconnected
[18:13:07] [Server thread/INFO]: [Volcanos] volcon2 left the game
[18:13:17] [Async Chat Thread - #17/INFO]: [Not Secure] <Slimegolembros> xau voy a hacer un mercader andante
[18:13:19] [User Authenticator #4/INFO]: UUID of player volcon2 is 9c42fa87-f091-3883-9bf4-db229d9050dc
[18:13:25] [Async Chat Thread - #17/INFO]: [Not Secure] <Slimegolembros> un aldeano que cambia todos los dias
[18:13:31] [Server thread/INFO]: [Slimegolembros: Set own game mode to Spectator Mode]
[18:13:34] [Server thread/INFO]: [Slimegolembros: Set own game mode to Creative Mode]
[18:13:36] [Server thread/INFO]: [Volcanos] volcon2 joined the game
[18:13:36] [Server thread/INFO]: volcon2[/127.78.109.241:40849] logged in with entity id 19301 at ([minecraft:overworld]-19027.740887240256, 63.0, 4698.66636381426)
[18:13:43] [Async Chat Thread - #17/INFO]: [Not Secure] <Xautral> sip
[18:13:46] [Async Chat Thread - #18/INFO]: [Not Secure] <volcon2> lag
[18:13:49] [Server thread/INFO]: Xautral issued server command: /tps
[18:13:52] [Async Chat Thread - #17/INFO]: [Not Secure] <Xautral> si cierto
[18:13:53] [Async Chat Thread - #17/INFO]: [Not Secure] <Xautral> hay lag
[18:13:55] [Server thread/INFO]: Xautral issued server command: /tps
[18:13:57] [Async Chat Thread - #17/INFO]: [Not Secure] <volcon2> na
[18:13:57] [Async Chat Thread - #17/INFO]: [Not Secure] <Slimegolembros> yo no tengo lag
[18:14:01] [Async Chat Thread - #17/INFO]: [Not Secure] <volcon2> es injugable
[18:14:03] [Async Chat Thread - #17/INFO]: [Not Secure] <Xautral> es un comando
[18:14:05] [Async Chat Thread - #17/INFO]: [Not Secure] <Xautral> 0.4 tps
[18:14:05] [Async Chat Thread - #17/INFO]: [Not Secure] <volcon2> no recolecta nd
[18:14:06] [Server thread/INFO]: Xautral issued server command: /tps
[18:14:07] [Server thread/INFO]: Xautral issued server command: /tps
[18:14:08] [Server thread/INFO]: Xautral issued server command: /tps
[18:14:22] [Async Chat Thread - #17/INFO]: [Not Secure] <Slimegolembros> pues yo no tengo lag
[18:14:27] [Server thread/INFO]: Xautral issued server command: /tps
[18:14:30] [Async Chat Thread - #17/INFO]: [Not Secure] <Xautral> ya esta mejorando
[18:14:43] [Server thread/INFO]: [Slimegolembros: Set own game mode to Spectator Mode]
[18:14:45] [Server thread/INFO]: [Slimegolembros: Set own game mode to Creative Mode]
[18:15:02] [Async Chat Thread - #17/INFO]: [Not Secure] <Slimegolembros> em que os parece esto
[18:15:22] [Async Chat Thread - #17/INFO]: [Not Secure] <Slimegolembros> la tienda esta equilibrada perfectamente con esmeraldas hice un word con una clasificacion
[18:15:41] [Async Chat Thread - #17/INFO]: [Not Secure] <Slimegolembros> va a haber
[18:15:43] [Async Chat Thread - #17/INFO]: [Not Secure] <Slimegolembros> 23 aldeanos
[18:15:49] [Async Chat Thread - #17/INFO]: [Not Secure] <Slimegolembros> poquitos no?
[18:16:16] [Server thread/INFO]: Xautral issued server command: /tps
[18:16:20] [Server thread/INFO]: Xautral issued server command: /gamerule command_blocks_work true
[18:16:20] [Server thread/INFO]: [Xautral: Gamerule command_blocks_work is now set to: true]
[18:16:22] [Server thread/INFO]: Xautral issued server command: /gamerule command_block_output true
[18:16:22] [Server thread/INFO]: [Xautral: Gamerule command_block_output is now set to: true]
[18:16:33] [Server thread/INFO]: [@: Summoned new Shulker Bullet]
[18:16:33] [Server thread/INFO]: [@: Summoned new Shulker Bullet]
[18:16:33] [Server thread/INFO]: [@: Summoned new Shulker Bullet]
[18:16:33] [Server thread/INFO]: [@: Summoned new Shulker Bullet]
[18:16:33] [Server thread/INFO]: [@: Summoned new Shulker Bullet]
[18:16:33] [Server thread/INFO]: [@: Summoned new Shulker Bullet]
[18:16:33] [Server thread/INFO]: [@: Summoned new Shulker Bullet]
[18:16:33] [Server thread/INFO]: [@: Summoned new Shulker Bullet]
[18:16:33] [Server thread/INFO]: [@: Summoned new Shulker Bullet]
[18:16:33] [Server thread/INFO]: [@: Summoned new Shulker Bullet]
[18:16:33] [Server thread/INFO]: [@: Summoned new Shulker Bullet]
[18:16:33] [Server thread/INFO]: [@: Summoned new Shulker Bullet]
[18:16:33] [Server thread/INFO]: [@: Summoned new Shulker Bullet]
[18:16:33] [Server thread/INFO]: [@: Summoned new Shulker Bullet]
[18:16:33] [Server thread/INFO]: [@: Summoned new Shulker Bullet]
[18:16:33] [Server thread/INFO]: [@: Summoned new Shulker Bullet]
[18:16:34] [Server thread/INFO]: [@: Summoned new Shulker Bullet]
[18:16:34] [Server thread/INFO]: [@: Summoned new Shulker Bullet]
[18:16:34] [Server thread/INFO]: [@: Summoned new Shulker Bullet]
[18:16:34] [Server thread/INFO]: [@: Summoned new Shulker Bullet]
[18:16:34] [Server thread/INFO]: [@: Summoned new Shulker Bullet]
[18:16:34] [Server thread/INFO]: [@: Summoned new Shulker Bullet]
[18:16:34] [Server thread/INFO]: [@: Summoned new Shulker Bullet]
[18:16:34] [Server thread/INFO]: [@: Summoned new Shulker Bullet]
[18:16:34] [Server thread/INFO]: [@: Summoned new Shulker Bullet]
[18:16:34] [Server thread/INFO]: [@: Summoned new Shulker Bullet]
[18:16:34] [Server thread/INFO]: [@: Summoned new Shulker Bullet]
[18:16:34] [Server thread/INFO]: [@: Summoned new Shulker Bullet]
[18:16:34] [Server thread/INFO]: [@: Summoned new Shulker Bullet]
[18:16:34] [Server thread/INFO]: [@: Summoned new Shulker Bullet]
[18:16:34] [Server thread/INFO]: [@: Summoned new Shulker Bullet]
[18:16:34] [Server thread/INFO]: [@: Summoned new Shulker Bullet]
[18:16:34] [Server thread/INFO]: [@: Summoned new Shulker Bullet]
[18:16:34] [Server thread/INFO]: [@: Summoned new Shulker Bullet]
[18:16:34] [Server thread/INFO]: [@: Summoned new Shulker Bullet]
[18:16:34] [Server thread/INFO]: [@: Summoned new Shulker Bullet]
[18:16:34] [Server thread/INFO]: [@: Summoned new Shulker Bullet]
[18:16:34] [Server thread/INFO]: [@: Summoned new Shulker Bullet]
[18:16:34] [Server thread/INFO]: [@: Summoned new Shulker Bullet]
[18:16:34] [Server thread/INFO]: [@: Summoned new Shulker Bullet]
[18:16:34] [Server thread/INFO]: [@: Summoned new Shulker Bullet]
[18:16:34] [Server thread/INFO]: [@: Summoned new Shulker Bullet]
[18:16:34] [Server thread/INFO]: [@: Summoned new Shulker Bullet]
[18:16:34] [Server thread/INFO]: [@: Summoned new Shulker Bullet]
[18:16:34] [Server thread/INFO]: [@: Summoned new Shulker Bullet]
[18:16:34] [Server thread/INFO]: [@: Summoned new Shulker Bullet]
[18:16:34] [Server thread/INFO]: [@: Summoned new Shulker Bullet]
[18:16:34] [Server thread/INFO]: [@: Summoned new Shulker Bullet]
[18:16:34] [Server thread/INFO]: [@: Summoned new Shulker Bullet]
[18:16:34] [Server thread/INFO]: [@: Summoned new Shulker Bullet]
[18:16:34] [Server thread/INFO]: [@: Summoned new Shulker Bullet]
[18:16:34] [Server thread/INFO]: [@: Summoned new Shulker Bullet]
[18:16:34] [Server thread/INFO]: [@: Summoned new Shulker Bullet]
[18:16:34] [Server thread/INFO]: [@: Summoned new Shulker Bullet]
[18:16:34] [Server thread/INFO]: [@: Summoned new Shulker Bullet]
[18:16:34] [Server thread/INFO]: [@: Summoned new Shulker Bullet]
[18:16:34] [Server thread/INFO]: [@: Summoned new Shulker Bullet]
[18:16:34] [Server thread/INFO]: [@: Summoned new Shulker Bullet]
[18:16:34] [Server thread/INFO]: [@: Summoned new Shulker Bullet]
[18:16:34] [Server thread/INFO]: [@: Summoned new Shulker Bullet]
[18:16:34] [Server thread/INFO]: [@: Summoned new Shulker Bullet]
[18:16:34] [Server thread/INFO]: [@: Summoned new Shulker Bullet]
[18:16:34] [Server thread/INFO]: [@: Summoned new Shulker Bullet]
[18:16:34] [Server thread/INFO]: [@: Summoned new Shulker Bullet]
[18:16:34] [Server thread/INFO]: [@: Summoned new Shulker Bullet]
[18:16:34] [Server thread/INFO]: [@: Summoned new Shulker Bullet]
[18:16:34] [Server thread/INFO]: [@: Summoned new Shulker Bullet]
[18:16:34] [Server thread/INFO]: [@: Summoned new Shulker Bullet]
[18:16:34] [Server thread/INFO]: [@: Summoned new Shulker Bullet]
[18:16:34] [Server thread/INFO]: [@: Summoned new Shulker Bullet]
[18:16:34] [Server thread/INFO]: [@: Summoned new Shulker Bullet]
[18:16:34] [Server thread/INFO]: [@: Summoned new Shulker Bullet]
[18:16:34] [Server thread/INFO]: [@: Summoned new Shulker Bullet]
[18:16:34] [Server thread/INFO]: [@: Summoned new Shulker Bullet]
[18:16:34] [Server thread/INFO]: [@: Summoned new Shulker Bullet]
[18:16:34] [Server thread/INFO]: [@: Summoned new Shulker Bullet]
[18:16:34] [Server thread/INFO]: [@: Summoned new Shulker Bullet]
[18:16:34] [Server thread/INFO]: [@: Summoned new Shulker Bullet]
[18:16:34] [Server thread/INFO]: [@: Summoned new Shulker Bullet]
[18:16:34] [Server thread/INFO]: [@: Summoned new Shulker Bullet]
[18:16:34] [Server thread/INFO]: [@: Summoned new Shulker Bullet]
[18:16:34] [Server thread/INFO]: [@: Summoned new Shulker Bullet]
[18:16:34] [Server thread/INFO]: [@: Summoned new Shulker Bullet]
[18:16:34] [Server thread/INFO]: [@: Summoned new Shulker Bullet]
[18:16:34] [Server thread/INFO]: [@: Summoned new Shulker Bullet]
[18:16:34] [Server thread/INFO]: [@: Summoned new Shulker Bullet]
[18:16:34] [Server thread/INFO]: [@: Summoned new Shulker Bullet]
[18:16:34] [Server thread/INFO]: [@: Summoned new Shulker Bullet]
[18:16:35] [Server thread/INFO]: [@: Summoned new Shulker Bullet]
[18:16:35] [Server thread/INFO]: [@: Summoned new Shulker Bullet]
[18:16:35] [Server thread/INFO]: [@: Summoned new Shulker Bullet]
[18:16:35] [Server thread/INFO]: [@: Summoned new Shulker Bullet]
[18:16:35] [Server thread/INFO]: [@: Summoned new Shulker Bullet]
[18:16:35] [Server thread/INFO]: [@: Summoned new Shulker Bullet]
[18:16:35] [Server thread/INFO]: [@: Summoned new Shulker Bullet]
[18:16:35] [Server thread/INFO]: [@: Summoned new Shulker Bullet]
[18:16:35] [Server thread/INFO]: [@: Summoned new Shulker Bullet]
[18:16:35] [Server thread/INFO]: [@: Summoned new Shulker Bullet]
[18:16:35] [Server thread/INFO]: [@: Summoned new Shulker Bullet]
[18:16:35] [Server thread/INFO]: [@: Summoned new Shulker Bullet]
[18:16:35] [Server thread/INFO]: [@: Summoned new Shulker Bullet]
[18:16:35] [Server thread/INFO]: [@: Summoned new Shulker Bullet]
[18:16:35] [Server thread/INFO]: [@: Summoned new Shulker Bullet]
[18:16:35] [Server thread/INFO]: [@: Summoned new Shulker Bullet]
[18:16:35] [Server thread/INFO]: [@: Summoned new Shulker Bullet]
[18:16:35] [Server thread/INFO]: [@: Summoned new Shulker Bullet]
[18:16:35] [Server thread/INFO]: [@: Summoned new Shulker Bullet]
[18:16:35] [Server thread/INFO]: [@: Summoned new Shulker Bullet]
[18:16:35] [Server thread/INFO]: [@: Summoned new Shulker Bullet]
[18:16:35] [Server thread/INFO]: [@: Summoned new Shulker Bullet]
[18:16:35] [Server thread/INFO]: [@: Summoned new Shulker Bullet]
[18:16:35] [Server thread/INFO]: [@: Summoned new Shulker Bullet]
[18:16:35] [Server thread/INFO]: [@: Summoned new Shulker Bullet]
[18:16:35] [Server thread/INFO]: [@: Summoned new Shulker Bullet]
[18:16:35] [Server thread/INFO]: [@: Summoned new Shulker Bullet]
[18:16:35] [Server thread/INFO]: [@: Summoned new Shulker Bullet]
[18:16:35] [Server thread/INFO]: [@: Summoned new Shulker Bullet]
[18:16:35] [Server thread/INFO]: [@: Summoned new Shulker Bullet]
[18:16:35] [Server thread/INFO]: [@: Summoned new Shulker Bullet]
[18:16:35] [Server thread/INFO]: [@: Summoned new Shulker Bullet]
[18:16:35] [Server thread/INFO]: [@: Summoned new Shulker Bullet]
[18:16:35] [Server thread/INFO]: [@: Summoned new Shulker Bullet]
[18:16:35] [Server thread/INFO]: [@: Summoned new Shulker Bullet]
[18:16:35] [Server thread/INFO]: [@: Summoned new Shulker Bullet]
[18:16:35] [Server thread/INFO]: [@: Summoned new Shulker Bullet]
[18:16:35] [Server thread/INFO]: [@: Summoned new Shulker Bullet]
[18:16:35] [Server thread/INFO]: [@: Summoned new Shulker Bullet]
[18:16:35] [Server thread/INFO]: [@: Summoned new Shulker Bullet]
[18:16:35] [Server thread/INFO]: [@: Summoned new Shulker Bullet]
[18:16:35] [Server thread/INFO]: [@: Summoned new Shulker Bullet]
[18:16:35] [Server thread/INFO]: [@: Summoned new Shulker Bullet]
[18:16:35] [Server thread/INFO]: [@: Summoned new Shulker Bullet]
[18:16:35] [Server thread/INFO]: [@: Summoned new Shulker Bullet]
[18:16:35] [Server thread/INFO]: [@: Summoned new Shulker Bullet]
[18:16:35] [Server thread/INFO]: [@: Summoned new Shulker Bullet]
[18:16:35] [Server thread/INFO]: [@: Summoned new Shulker Bullet]
[18:16:35] [Server thread/INFO]: [@: Summoned new Shulker Bullet]
[18:16:35] [Server thread/INFO]: [@: Summoned new Shulker Bullet]
[18:16:35] [Server thread/INFO]: [@: Summoned new Shulker Bullet]
[18:16:35] [Server thread/INFO]: [@: Summoned new Shulker Bullet]
[18:16:35] [Server thread/INFO]: [@: Summoned new Shulker Bullet]
[18:16:35] [Server thread/INFO]: [@: Summoned new Shulker Bullet]
[18:16:35] [Server thread/INFO]: [@: Summoned new Shulker Bullet]
[18:16:35] [Server thread/INFO]: [@: Summoned new Shulker Bullet]
[18:16:35] [Server thread/INFO]: [@: Summoned new Shulker Bullet]
[18:16:35] [Server thread/INFO]: [@: Summoned new Shulker Bullet]
[18:16:35] [Server thread/INFO]: [@: Summoned new Shulker Bullet]
[18:16:35] [Server thread/INFO]: [@: Summoned new Shulker Bullet]
[18:16:35] [Server thread/INFO]: [@: Summoned new Shulker Bullet]
[18:16:35] [Server thread/INFO]: [@: Summoned new Shulker Bullet]
[18:16:35] [Server thread/INFO]: [@: Summoned new Shulker Bullet]
[18:16:35] [Server thread/INFO]: [@: Summoned new Shulker Bullet]
[18:16:35] [Server thread/INFO]: [@: Summoned new Shulker Bullet]
[18:16:35] [Server thread/INFO]: [@: Summoned new Shulker Bullet]
[18:16:35] [Server thread/INFO]: [@: Summoned new Shulker Bullet]
[18:16:35] [Server thread/INFO]: [@: Summoned new Shulker Bullet]
[18:16:35] [Server thread/INFO]: [@: Summoned new Shulker Bullet]
[18:16:35] [Server thread/INFO]: [@: Summoned new Shulker Bullet]
[18:16:35] [Server thread/INFO]: [@: Summoned new Shulker Bullet]
[18:16:35] [Server thread/INFO]: [@: Summoned new Shulker Bullet]
[18:16:36] [Server thread/INFO]: [@: Summoned new Shulker Bullet]
[18:16:36] [Server thread/INFO]: [@: Summoned new Shulker Bullet]
[18:16:36] [Server thread/INFO]: [@: Summoned new Shulker Bullet]
[18:16:36] [Server thread/INFO]: [@: Summoned new Shulker Bullet]
[18:16:36] [Server thread/INFO]: [@: Summoned new Shulker Bullet]
[18:16:36] [Server thread/INFO]: [@: Summoned new Shulker Bullet]
[18:16:36] [Server thread/INFO]: [@: Summoned new Shulker Bullet]
[18:16:36] [Server thread/INFO]: [@: Summoned new Shulker Bullet]
[18:16:36] [Server thread/INFO]: [@: Summoned new Shulker Bullet]
[18:16:36] [Server thread/INFO]: [@: Summoned new Shulker Bullet]
[18:16:36] [Server thread/INFO]: [@: Summoned new Shulker Bullet]
[18:16:36] [Server thread/INFO]: [@: Summoned new Shulker Bullet]
[18:16:36] [Server thread/INFO]: [@: Summoned new Shulker Bullet]
[18:16:36] [Server thread/INFO]: [@: Summoned new Shulker Bullet]
[18:16:36] [Server thread/INFO]: [@: Summoned new Shulker Bullet]
[18:16:36] [Server thread/INFO]: [@: Summoned new Shulker Bullet]
[18:16:36] [Server thread/INFO]: [@: Summoned new Shulker Bullet]
[18:16:36] [Server thread/INFO]: [@: Summoned new Shulker Bullet]
[18:16:36] [Server thread/INFO]: [@: Summoned new Shulker Bullet]
[18:16:36] [Server thread/INFO]: [@: Summoned new Shulker Bullet]
[18:16:36] [Server thread/INFO]: [@: Summoned new Shulker Bullet]
[18:16:36] [Server thread/INFO]: [@: Summoned new Shulker Bullet]
[18:16:36] [Server thread/INFO]: [@: Summoned new Shulker Bullet]
[18:16:36] [Server thread/INFO]: [@: Summoned new Shulker Bullet]
[18:16:36] [Server thread/INFO]: [@: Summoned new Shulker Bullet]
[18:16:36] [Server thread/INFO]: [@: Summoned new Shulker Bullet]
[18:16:36] [Server thread/INFO]: [@: Summoned new Shulker Bullet]
[18:16:36] [Server thread/INFO]: [@: Summoned new Shulker Bullet]
[18:16:36] [Server thread/INFO]: [@: Summoned new Shulker Bullet]
[18:16:36] [Server thread/INFO]: [@: Summoned new Shulker Bullet]
[18:16:36] [Server thread/INFO]: [@: Summoned new Shulker Bullet]
[18:16:36] [Server thread/INFO]: [@: Summoned new Shulker Bullet]
[18:16:36] [Server thread/INFO]: [@: Summoned new Shulker Bullet]
[18:16:36] [Server thread/INFO]: [@: Summoned new Shulker Bullet]
[18:16:36] [Server thread/INFO]: [@: Summoned new Shulker Bullet]
[18:16:36] [Server thread/INFO]: [@: Summoned new Shulker Bullet]
[18:16:36] [Server thread/INFO]: [@: Summoned new Shulker Bullet]
[18:16:36] [Server thread/INFO]: [@: Summoned new Shulker Bullet]
[18:16:36] [Server thread/INFO]: [@: Summoned new Shulker Bullet]
[18:16:36] [Server thread/INFO]: [@: Summoned new Shulker Bullet]
[18:16:36] [Server thread/INFO]: [@: Summoned new Shulker Bullet]
[18:16:36] [Server thread/INFO]: [@: Summoned new Shulker Bullet]
[18:16:36] [Server thread/INFO]: [@: Summoned new Shulker Bullet]
[18:16:36] [Server thread/INFO]: [@: Summoned new Shulker Bullet]
[18:16:36] [Server thread/INFO]: [@: Summoned new Shulker Bullet]
[18:16:36] [Server thread/INFO]: [@: Summoned new Shulker Bullet]
[18:16:36] [Server thread/INFO]: [@: Summoned new Shulker Bullet]
[18:16:36] [Server thread/INFO]: [@: Summoned new Shulker Bullet]
[18:16:36] [Server thread/INFO]: [@: Summoned new Shulker Bullet]
[18:16:36] [Server thread/INFO]: [@: Summoned new Shulker Bullet]
[18:16:36] [Server thread/INFO]: [@: Summoned new Shulker Bullet]
[18:16:36] [Server thread/INFO]: [@: Summoned new Shulker Bullet]
[18:16:36] [Server thread/INFO]: [@: Summoned new Shulker Bullet]
[18:16:36] [Server thread/INFO]: [@: Summoned new Shulker Bullet]
[18:16:36] [Server thread/INFO]: [@: Summoned new Shulker Bullet]
[18:16:36] [Server thread/INFO]: [@: Summoned new Shulker Bullet]
[18:16:36] [Server thread/INFO]: [@: Summoned new Shulker Bullet]
[18:16:36] [Server thread/INFO]: [@: Summoned new Shulker Bullet]
[18:16:36] [Server thread/INFO]: [@: Summoned new Shulker Bullet]
[18:16:36] [Server thread/INFO]: [@: Summoned new Shulker Bullet]
[18:16:36] [Server thread/INFO]: [@: Summoned new Shulker Bullet]
[18:16:36] [Server thread/INFO]: [@: Summoned new Shulker Bullet]
[18:16:36] [Server thread/INFO]: [@: Summoned new Shulker Bullet]
[18:16:36] [Server thread/INFO]: [@: Summoned new Shulker Bullet]
[18:16:36] [Server thread/INFO]: [@: Summoned new Shulker Bullet]
[18:16:36] [Server thread/INFO]: [@: Summoned new Shulker Bullet]
[18:16:36] [Server thread/INFO]: [@: Summoned new Shulker Bullet]
[18:16:36] [Server thread/INFO]: [@: Summoned new Shulker Bullet]
[18:16:36] [Server thread/INFO]: [@: Summoned new Shulker Bullet]
[18:16:36] [Server thread/INFO]: [@: Summoned new Shulker Bullet]
[18:16:36] [Server thread/INFO]: [@: Summoned new Shulker Bullet]
[18:16:36] [Server thread/INFO]: [@: Summoned new Shulker Bullet]
[18:16:37] [Server thread/INFO]: [@: Summoned new Shulker Bullet]
[18:16:37] [Server thread/INFO]: [@: Summoned new Shulker Bullet]
[18:16:37] [Server thread/INFO]: [@: Summoned new Shulker Bullet]
[18:16:37] [Server thread/INFO]: [@: Summoned new Shulker Bullet]
[18:16:37] [Server thread/INFO]: [@: Summoned new Shulker Bullet]
[18:16:37] [Server thread/INFO]: [@: Summoned new Shulker Bullet]
[18:16:37] [Server thread/INFO]: [@: Summoned new Shulker Bullet]
[18:16:37] [Server thread/INFO]: [@: Summoned new Shulker Bullet]
[18:16:37] [Server thread/INFO]: [@: Summoned new Shulker Bullet]
[18:16:37] [Server thread/INFO]: [@: Summoned new Shulker Bullet]
[18:16:37] [Server thread/INFO]: [@: Summoned new Shulker Bullet]
[18:16:37] [Server thread/INFO]: [@: Summoned new Shulker Bullet]
[18:16:37] [Server thread/INFO]: [@: Summoned new Shulker Bullet]
[18:16:37] [Server thread/INFO]: [@: Summoned new Shulker Bullet]
[18:16:37] [Server thread/INFO]: [@: Summoned new Shulker Bullet]
[18:16:37] [Server thread/INFO]: [@: Summoned new Shulker Bullet]
[18:16:37] [Server thread/INFO]: [@: Summoned new Shulker Bullet]
[18:16:37] [Server thread/INFO]: [@: Summoned new Shulker Bullet]
[18:16:37] [Server thread/INFO]: [@: Summoned new Shulker Bullet]
[18:16:37] [Server thread/INFO]: [@: Summoned new Shulker Bullet]
[18:16:37] [Server thread/INFO]: [@: Summoned new Shulker Bullet]
[18:16:37] [Server thread/INFO]: [@: Summoned new Shulker Bullet]
[18:16:37] [Server thread/INFO]: [@: Summoned new Shulker Bullet]
[18:16:37] [Server thread/INFO]: [@: Summoned new Shulker Bullet]
[18:16:37] [Server thread/INFO]: [@: Summoned new Shulker Bullet]
[18:16:37] [Server thread/INFO]: [@: Summoned new Shulker Bullet]
[18:16:37] [Server thread/INFO]: [@: Summoned new Shulker Bullet]
[18:16:37] [Server thread/INFO]: [@: Summoned new Shulker Bullet]
[18:16:37] [Server thread/INFO]: [@: Summoned new Shulker Bullet]
[18:16:37] [Server thread/INFO]: [@: Summoned new Shulker Bullet]
[18:16:37] [Server thread/INFO]: [@: Summoned new Shulker Bullet]
[18:16:37] [Server thread/INFO]: [@: Summoned new Shulker Bullet]
[18:16:37] [Server thread/INFO]: [@: Summoned new Shulker Bullet]
[18:16:37] [Server thread/INFO]: [@: Summoned new Shulker Bullet]
[18:16:37] [Server thread/INFO]: [@: Summoned new Shulker Bullet]
[18:16:37] [Server thread/INFO]: [@: Summoned new Shulker Bullet]
[18:16:37] [Server thread/INFO]: [@: Summoned new Shulker Bullet]
[18:16:37] [Server thread/INFO]: [@: Summoned new Shulker Bullet]
[18:16:37] [Server thread/INFO]: [@: Summoned new Shulker Bullet]
[18:16:37] [Server thread/INFO]: [@: Summoned new Shulker Bullet]
[18:16:37] [Server thread/INFO]: [@: Summoned new Shulker Bullet]
[18:16:37] [Server thread/INFO]: [@: Summoned new Shulker Bullet]
[18:16:37] [Server thread/INFO]: [@: Summoned new Shulker Bullet]
[18:16:37] [Server thread/INFO]: [@: Summoned new Shulker Bullet]
[18:16:37] [Server thread/INFO]: [@: Summoned new Shulker Bullet]
[18:16:37] [Server thread/INFO]: [@: Summoned new Shulker Bullet]
[18:16:37] [Server thread/INFO]: [@: Summoned new Shulker Bullet]
[18:16:37] [Server thread/INFO]: [@: Summoned new Shulker Bullet]
[18:16:37] [Server thread/INFO]: [@: Summoned new Shulker Bullet]
[18:16:37] [Server thread/INFO]: [@: Summoned new Shulker Bullet]
[18:16:37] [Server thread/INFO]: [@: Summoned new Shulker Bullet]
[18:16:37] [Server thread/INFO]: [@: Summoned new Shulker Bullet]
[18:16:37] [Server thread/INFO]: [@: Summoned new Shulker Bullet]
[18:16:37] [Server thread/INFO]: [@: Summoned new Shulker Bullet]
[18:16:37] [Server thread/INFO]: [@: Summoned new Shulker Bullet]
[18:16:37] [Server thread/INFO]: [@: Summoned new Shulker Bullet]
[18:16:37] [Server thread/INFO]: [@: Summoned new Shulker Bullet]
[18:16:37] [Server thread/INFO]: [@: Summoned new Shulker Bullet]
[18:16:37] [Server thread/INFO]: [@: Summoned new Shulker Bullet]
[18:16:37] [Server thread/INFO]: [@: Summoned new Shulker Bullet]
[18:16:37] [Server thread/INFO]: [@: Summoned new Shulker Bullet]
[18:16:37] [Server thread/INFO]: [@: Summoned new Shulker Bullet]
[18:16:37] [Server thread/INFO]: [@: Summoned new Shulker Bullet]
[18:16:37] [Server thread/INFO]: [@: Summoned new Shulker Bullet]
[18:16:37] [Server thread/INFO]: [@: Summoned new Shulker Bullet]
[18:16:37] [Server thread/INFO]: [@: Summoned new Shulker Bullet]
[18:16:37] [Server thread/INFO]: [@: Summoned new Shulker Bullet]
[18:16:37] [Server thread/INFO]: [@: Summoned new Shulker Bullet]
[18:16:37] [Server thread/INFO]: [@: Summoned new Shulker Bullet]
[18:16:37] [Server thread/INFO]: [@: Summoned new Shulker Bullet]
[18:16:37] [Server thread/INFO]: [@: Summoned new Shulker Bullet]
[18:16:37] [Server thread/INFO]: [@: Summoned new Shulker Bullet]
[18:16:38] [Server thread/INFO]: [@: Summoned new Shulker Bullet]
[18:16:38] [Server thread/INFO]: [@: Summoned new Shulker Bullet]
[18:16:38] [Server thread/INFO]: [@: Summoned new Shulker Bullet]
[18:16:38] [Server thread/INFO]: [@: Summoned new Shulker Bullet]
[18:16:38] [Server thread/INFO]: [@: Summoned new Shulker Bullet]
[18:16:38] [Server thread/INFO]: [@: Summoned new Shulker Bullet]
[18:16:38] [Server thread/INFO]: [@: Summoned new Shulker Bullet]
[18:16:38] [Server thread/INFO]: [@: Summoned new Shulker Bullet]
[18:16:38] [Server thread/INFO]: [@: Summoned new Shulker Bullet]
[18:16:38] [Server thread/INFO]: [@: Summoned new Shulker Bullet]
[18:16:38] [Server thread/INFO]: [@: Summoned new Shulker Bullet]
[18:16:38] [Server thread/INFO]: [@: Summoned new Shulker Bullet]
[18:16:38] [Server thread/INFO]: [@: Summoned new Shulker Bullet]
[18:16:38] [Server thread/INFO]: [@: Summoned new Shulker Bullet]
[18:16:38] [Server thread/INFO]: [@: Summoned new Shulker Bullet]
[18:16:38] [Server thread/INFO]: [@: Summoned new Shulker Bullet]
[18:16:38] [Server thread/INFO]: [@: Summoned new Shulker Bullet]
[18:16:38] [Server thread/INFO]: [@: Summoned new Shulker Bullet]
[18:16:38] [Server thread/INFO]: [@: Summoned new Shulker Bullet]
[18:16:38] [Server thread/INFO]: [@: Summoned new Shulker Bullet]
[18:16:38] [Server thread/INFO]: [@: Summoned new Shulker Bullet]
[18:16:38] [Server thread/INFO]: [@: Summoned new Shulker Bullet]
[18:16:38] [Server thread/INFO]: [@: Summoned new Shulker Bullet]
[18:16:38] [Server thread/INFO]: [@: Summoned new Shulker Bullet]
[18:16:38] [Server thread/INFO]: [@: Summoned new Shulker Bullet]
[18:16:38] [Server thread/INFO]: [@: Summoned new Shulker Bullet]
[18:16:38] [Server thread/INFO]: [@: Summoned new Shulker Bullet]
[18:16:38] [Server thread/INFO]: [@: Summoned new Shulker Bullet]
[18:16:38] [Server thread/INFO]: [@: Summoned new Shulker Bullet]
[18:16:38] [Server thread/INFO]: [@: Summoned new Shulker Bullet]
[18:16:38] [Server thread/INFO]: [@: Summoned new Shulker Bullet]
[18:16:38] [Server thread/INFO]: [@: Summoned new Shulker Bullet]
[18:16:38] [Server thread/INFO]: [@: Summoned new Shulker Bullet]
[18:16:38] [Server thread/INFO]: [@: Summoned new Shulker Bullet]
[18:16:38] [Server thread/INFO]: [@: Summoned new Shulker Bullet]
[18:16:38] [Server thread/INFO]: [@: Summoned new Shulker Bullet]
[18:16:38] [Server thread/INFO]: [@: Summoned new Shulker Bullet]
[18:16:38] [Server thread/INFO]: [@: Summoned new Shulker Bullet]
[18:16:38] [Server thread/INFO]: [@: Summoned new Shulker Bullet]
[18:16:38] [Server thread/INFO]: [@: Summoned new Shulker Bullet]
[18:16:38] [Server thread/INFO]: [@: Summoned new Shulker Bullet]
[18:16:38] [Server thread/INFO]: [@: Summoned new Shulker Bullet]
[18:16:38] [Server thread/INFO]: [@: Summoned new Shulker Bullet]
[18:16:38] [Server thread/INFO]: [@: Summoned new Shulker Bullet]
[18:16:38] [Server thread/INFO]: [@: Summoned new Shulker Bullet]
[18:16:38] [Server thread/INFO]: [@: Summoned new Shulker Bullet]
[18:16:38] [Server thread/INFO]: [@: Summoned new Shulker Bullet]
[18:16:38] [Server thread/INFO]: [@: Summoned new Shulker Bullet]
[18:16:38] [Server thread/INFO]: [@: Summoned new Shulker Bullet]
[18:16:38] [Server thread/INFO]: [@: Summoned new Shulker Bullet]
[18:16:38] [Server thread/INFO]: [@: Summoned new Shulker Bullet]
[18:16:38] [Server thread/INFO]: [@: Summoned new Shulker Bullet]
[18:16:38] [Server thread/INFO]: [@: Summoned new Shulker Bullet]
[18:16:38] [Server thread/INFO]: [@: Summoned new Shulker Bullet]
[18:16:38] [Server thread/INFO]: [@: Summoned new Shulker Bullet]
[18:16:38] [Server thread/INFO]: [@: Summoned new Shulker Bullet]
[18:16:38] [Server thread/INFO]: [@: Summoned new Shulker Bullet]
[18:16:38] [Server thread/INFO]: [@: Summoned new Shulker Bullet]
[18:16:38] [Server thread/INFO]: [@: Summoned new Shulker Bullet]
[18:16:38] [Server thread/INFO]: [@: Summoned new Shulker Bullet]
[18:16:38] [Server thread/INFO]: [@: Summoned new Shulker Bullet]
[18:16:38] [Server thread/INFO]: [@: Summoned new Shulker Bullet]
[18:16:38] [Server thread/INFO]: [@: Summoned new Shulker Bullet]
[18:16:38] [Server thread/INFO]: [@: Summoned new Shulker Bullet]
[18:16:38] [Server thread/INFO]: [@: Summoned new Shulker Bullet]
[18:16:38] [Server thread/INFO]: [@: Summoned new Shulker Bullet]
[18:16:38] [Server thread/INFO]: [@: Summoned new Shulker Bullet]
[18:16:38] [Server thread/INFO]: [@: Summoned new Shulker Bullet]
[18:16:38] [Server thread/INFO]: [@: Summoned new Shulker Bullet]
[18:16:38] [Server thread/INFO]: [@: Summoned new Shulker Bullet]
[18:16:38] [Server thread/INFO]: [@: Summoned new Shulker Bullet]
[18:16:38] [Server thread/INFO]: [@: Summoned new Shulker Bullet]
[18:16:39] [Server thread/INFO]: [@: Summoned new Shulker Bullet]
[18:16:39] [Server thread/INFO]: [@: Summoned new Shulker Bullet]
[18:16:39] [Server thread/INFO]: [@: Summoned new Shulker Bullet]
[18:16:39] [Server thread/INFO]: [@: Summoned new Shulker Bullet]
[18:16:39] [Server thread/INFO]: [@: Summoned new Shulker Bullet]
[18:16:39] [Server thread/INFO]: [@: Summoned new Shulker Bullet]
[18:16:39] [Server thread/INFO]: [@: Summoned new Shulker Bullet]
[18:16:39] [Server thread/INFO]: [@: Summoned new Shulker Bullet]
[18:16:39] [Server thread/INFO]: [@: Summoned new Shulker Bullet]
[18:16:39] [Server thread/INFO]: [@: Summoned new Shulker Bullet]
[18:16:39] [Server thread/INFO]: [@: Summoned new Shulker Bullet]
[18:16:39] [Server thread/INFO]: [@: Summoned new Shulker Bullet]
[18:16:39] [Server thread/INFO]: [@: Summoned new Shulker Bullet]
[18:16:39] [Server thread/INFO]: [@: Summoned new Shulker Bullet]
[18:16:39] [Server thread/INFO]: [@: Summoned new Shulker Bullet]
[18:16:39] [Server thread/INFO]: [@: Summoned new Shulker Bullet]
[18:16:39] [Server thread/INFO]: [@: Summoned new Shulker Bullet]
[18:16:39] [Server thread/INFO]: [@: Summoned new Shulker Bullet]
[18:16:39] [Server thread/INFO]: [@: Summoned new Shulker Bullet]
[18:16:39] [Server thread/INFO]: [@: Summoned new Shulker Bullet]
[18:16:39] [Server thread/INFO]: [@: Summoned new Shulker Bullet]
[18:16:39] [Server thread/INFO]: [@: Summoned new Shulker Bullet]
[18:16:39] [Server thread/INFO]: [@: Summoned new Shulker Bullet]
[18:16:39] [Server thread/INFO]: [@: Summoned new Shulker Bullet]
[18:16:39] [Server thread/INFO]: [@: Summoned new Shulker Bullet]
[18:16:39] [Server thread/INFO]: [@: Summoned new Shulker Bullet]
[18:16:39] [Server thread/INFO]: [@: Summoned new Shulker Bullet]
[18:16:39] [Server thread/INFO]: [@: Summoned new Shulker Bullet]
[18:16:39] [Server thread/INFO]: [@: Summoned new Shulker Bullet]
[18:16:39] [Server thread/INFO]: [@: Summoned new Shulker Bullet]
[18:16:39] [Server thread/INFO]: [@: Summoned new Shulker Bullet]
[18:16:39] [Server thread/INFO]: [@: Summoned new Shulker Bullet]
[18:16:39] [Server thread/INFO]: [@: Summoned new Shulker Bullet]
[18:16:39] [Server thread/INFO]: [@: Summoned new Shulker Bullet]
[18:16:39] [Server thread/INFO]: [@: Summoned new Shulker Bullet]
[18:16:39] [Server thread/INFO]: [@: Summoned new Shulker Bullet]
[18:16:39] [Server thread/INFO]: [@: Summoned new Shulker Bullet]
[18:16:39] [Server thread/INFO]: [@: Summoned new Shulker Bullet]
[18:16:39] [Server thread/INFO]: [@: Summoned new Shulker Bullet]
[18:16:39] [Server thread/INFO]: [@: Summoned new Shulker Bullet]
[18:16:39] [Server thread/INFO]: [@: Summoned new Shulker Bullet]
[18:16:39] [Server thread/INFO]: [@: Summoned new Shulker Bullet]
[18:16:39] [Server thread/INFO]: [@: Summoned new Shulker Bullet]
[18:16:39] [Server thread/INFO]: [@: Summoned new Shulker Bullet]
[18:16:39] [Server thread/INFO]: [@: Summoned new Shulker Bullet]
[18:16:39] [Server thread/INFO]: [@: Summoned new Shulker Bullet]
[18:16:39] [Server thread/INFO]: [@: Summoned new Shulker Bullet]
[18:16:39] [Server thread/INFO]: [@: Summoned new Shulker Bullet]
[18:16:39] [Server thread/INFO]: [@: Summoned new Shulker Bullet]
[18:16:39] [Server thread/INFO]: [@: Summoned new Shulker Bullet]
[18:16:39] [Server thread/INFO]: [@: Summoned new Shulker Bullet]
[18:16:39] [Server thread/INFO]: [@: Summoned new Shulker Bullet]
[18:16:39] [Server thread/INFO]: [@: Summoned new Shulker Bullet]
[18:16:39] [Server thread/INFO]: [@: Summoned new Shulker Bullet]
[18:16:39] [Server thread/INFO]: [@: Summoned new Shulker Bullet]
[18:16:39] [Server thread/INFO]: [@: Summoned new Shulker Bullet]
[18:16:39] [Server thread/INFO]: [@: Summoned new Shulker Bullet]
[18:16:39] [Server thread/INFO]: [@: Summoned new Shulker Bullet]
[18:16:39] [Server thread/INFO]: [@: Summoned new Shulker Bullet]
[18:16:39] [Server thread/INFO]: [@: Summoned new Shulker Bullet]
[18:16:39] [Server thread/INFO]: [@: Summoned new Shulker Bullet]
[18:16:39] [Server thread/INFO]: [@: Summoned new Shulker Bullet]
[18:16:39] [Server thread/INFO]: [@: Summoned new Shulker Bullet]
[18:16:39] [Server thread/INFO]: [@: Summoned new Shulker Bullet]
[18:16:44] [Server thread/INFO]: Xautral issued server command: /tps
[18:17:18] [Server thread/INFO]: [@: Summoned new Shulker Bullet]
[18:17:18] [Server thread/INFO]: [@: Summoned new Shulker Bullet]
[18:17:18] [Server thread/INFO]: [@: Summoned new Shulker Bullet]
[18:17:18] [Server thread/INFO]: [@: Summoned new Shulker Bullet]
[18:17:18] [Server thread/INFO]: [@: Summoned new Shulker Bullet]
[18:17:18] [Server thread/INFO]: [@: Summoned new Shulker Bullet]
[18:17:18] [Server thread/INFO]: [@: Summoned new Shulker Bullet]
[18:17:18] [Server thread/INFO]: [@: Summoned new Shulker Bullet]
[18:17:18] [Server thread/INFO]: [@: Summoned new Shulker Bullet]
[18:17:18] [Server thread/INFO]: [@: Summoned new Shulker Bullet]
[18:17:18] [Server thread/INFO]: [@: Summoned new Shulker Bullet]
[18:17:18] [Server thread/INFO]: [@: Summoned new Shulker Bullet]
[18:17:19] [Server thread/INFO]: [@: Summoned new Shulker Bullet]
[18:17:19] [Server thread/INFO]: [@: Summoned new Shulker Bullet]
[18:17:19] [Server thread/INFO]: [@: Summoned new Shulker Bullet]
[18:17:19] [Server thread/INFO]: [@: Summoned new Shulker Bullet]
[18:17:19] [Server thread/INFO]: [@: Summoned new Shulker Bullet]
[18:17:19] [Server thread/INFO]: [@: Summoned new Shulker Bullet]
[18:17:19] [Server thread/INFO]: [@: Summoned new Shulker Bullet]
[18:17:19] [Server thread/INFO]: [@: Summoned new Shulker Bullet]
[18:17:19] [Server thread/INFO]: [@: Summoned new Shulker Bullet]
[18:17:19] [Server thread/INFO]: [@: Summoned new Shulker Bullet]
[18:17:19] [Server thread/INFO]: [@: Summoned new Shulker Bullet]
[18:17:19] [Server thread/INFO]: [@: Summoned new Shulker Bullet]
[18:17:19] [Server thread/INFO]: [@: Summoned new Shulker Bullet]
[18:17:19] [Server thread/INFO]: [@: Summoned new Shulker Bullet]
[18:17:19] [Server thread/INFO]: [@: Summoned new Shulker Bullet]
[18:17:19] [Server thread/INFO]: [@: Summoned new Shulker Bullet]
[18:17:19] [Server thread/INFO]: [@: Summoned new Shulker Bullet]
[18:17:19] [Server thread/INFO]: [@: Summoned new Shulker Bullet]
[18:17:19] [Server thread/INFO]: [@: Summoned new Shulker Bullet]
[18:17:19] [Server thread/INFO]: [@: Summoned new Shulker Bullet]
[18:17:19] [Server thread/INFO]: [@: Summoned new Shulker Bullet]
[18:17:19] [Server thread/INFO]: [@: Summoned new Shulker Bullet]
[18:17:19] [Server thread/INFO]: [@: Summoned new Shulker Bullet]
[18:17:19] [Server thread/INFO]: [@: Summoned new Shulker Bullet]
[18:17:19] [Server thread/INFO]: [@: Summoned new Shulker Bullet]
[18:17:19] [Server thread/INFO]: [@: Summoned new Shulker Bullet]
[18:17:19] [Server thread/INFO]: [@: Killed Trick]
[18:17:23] [Async Chat Thread - #20/INFO]: [Not Secure] <Slimegolembros> olle xau puedes poner lo del bloque de comandos que hace que el aldeano mire al jugador?
[18:17:24] [Server thread/INFO]: [@: Summoned new Shulker Bullet]
[18:17:24] [Server thread/INFO]: [@: Summoned new Shulker Bullet]
[18:17:24] [Server thread/INFO]: [@: Summoned new Shulker Bullet]
[18:17:24] [Server thread/INFO]: [@: Summoned new Shulker Bullet]
[18:17:24] [Server thread/INFO]: [@: Summoned new Shulker Bullet]
[18:17:24] [Server thread/INFO]: [@: Summoned new Shulker Bullet]
[18:17:25] [Server thread/INFO]: [@: Summoned new Shulker Bullet]
[18:17:25] [Server thread/INFO]: [@: Summoned new Shulker Bullet]
[18:17:25] [Server thread/INFO]: [@: Summoned new Shulker Bullet]
[18:17:25] [Server thread/INFO]: [@: Summoned new Shulker Bullet]
[18:17:25] [Server thread/INFO]: [@: Summoned new Shulker Bullet]
[18:17:25] [Server thread/INFO]: [@: Summoned new Shulker Bullet]
[18:17:25] [Server thread/INFO]: [@: Summoned new Shulker Bullet]
[18:17:25] [Server thread/INFO]: [@: Summoned new Shulker Bullet]
[18:17:25] [Server thread/INFO]: [@: Summoned new Shulker Bullet]
[18:17:25] [Server thread/INFO]: [@: Summoned new Shulker Bullet]
[18:17:25] [Server thread/INFO]: [@: Summoned new Shulker Bullet]
[18:17:25] [Server thread/INFO]: [@: Summoned new Shulker Bullet]
[18:17:25] [Server thread/INFO]: [@: Summoned new Shulker Bullet]
[18:17:25] [Server thread/INFO]: [@: Summoned new Shulker Bullet]
[18:17:25] [Server thread/INFO]: [@: Summoned new Shulker Bullet]
[18:17:25] [Server thread/INFO]: [@: Summoned new Shulker Bullet]
[18:17:25] [Server thread/INFO]: [@: Summoned new Shulker Bullet]
[18:17:25] [Server thread/INFO]: [@: Summoned new Shulker Bullet]
[18:17:25] [Server thread/INFO]: [@: Summoned new Shulker Bullet]
[18:17:25] [Server thread/INFO]: [@: Summoned new Shulker Bullet]
[18:17:25] [Server thread/INFO]: [@: Summoned new Shulker Bullet]
[18:17:25] [Server thread/INFO]: [@: Summoned new Shulker Bullet]
[18:17:25] [Server thread/INFO]: [@: Killed Trick]
[18:17:28] [Async Chat Thread - #20/INFO]: [Not Secure] <Xautral> ya voy
[18:17:33] [Async Chat Thread - #20/INFO]: [Not Secure] <volcon2> los de emblem ya no jugaran o que?
[18:17:47] [Server thread/INFO]: Slimegolembros issued server command: /give Slimegolembros minecraft:command_block 1
[18:17:47] [Server thread/INFO]: [Slimegolembros: Gave 1 [Command Block] to Slimegolembros]
[18:17:51] [Server thread/INFO]: [@: Summoned new Shulker Bullet]
[18:17:51] [Server thread/INFO]: [@: Summoned new Shulker Bullet]
[18:17:51] [Server thread/INFO]: [@: Rotated Trick]
[18:17:51] [Server thread/INFO]: [@: Summoned new Shulker Bullet]
[18:17:51] [Server thread/INFO]: [@: Summoned new Shulker Bullet]
[18:17:51] [Server thread/INFO]: [@: Rotated Trick]
[18:17:51] [Server thread/INFO]: [@: Summoned new Shulker Bullet]
[18:17:51] [Server thread/INFO]: [@: Summoned new Shulker Bullet]
[18:17:51] [Server thread/INFO]: [@: Rotated Trick]
[18:17:51] [Server thread/INFO]: [@: Summoned new Shulker Bullet]
[18:17:51] [Server thread/INFO]: [@: Summoned new Shulker Bullet]
[18:17:51] [Server thread/INFO]: [@: Rotated Trick]
[18:17:51] [Server thread/INFO]: [@: Summoned new Shulker Bullet]
[18:17:51] [Server thread/INFO]: [@: Summoned new Shulker Bullet]
[18:17:51] [Server thread/INFO]: [@: Rotated Trick]
[18:17:51] [Server thread/INFO]: [@: Summoned new Shulker Bullet]
[18:17:51] [Server thread/INFO]: [@: Summoned new Shulker Bullet]
[18:17:51] [Server thread/INFO]: [@: Rotated Trick]
[18:17:51] [Server thread/INFO]: [@: Summoned new Shulker Bullet]
[18:17:51] [Server thread/INFO]: [@: Summoned new Shulker Bullet]
[18:17:51] [Server thread/INFO]: [@: Rotated Trick]
[18:17:51] [Server thread/INFO]: [@: Summoned new Shulker Bullet]
[18:17:51] [Server thread/INFO]: [@: Summoned new Shulker Bullet]
[18:17:51] [Server thread/INFO]: [@: Rotated Trick]
[18:17:51] [Server thread/INFO]: [@: Summoned new Shulker Bullet]
[18:17:51] [Server thread/INFO]: [@: Summoned new Shulker Bullet]
[18:17:51] [Server thread/INFO]: [@: Rotated Trick]
[18:17:51] [Server thread/INFO]: [@: Summoned new Shulker Bullet]
[18:17:51] [Server thread/INFO]: [@: Summoned new Shulker Bullet]
[18:17:51] [Server thread/INFO]: [@: Rotated Trick]
[18:17:52] [Server thread/INFO]: [@: Summoned new Shulker Bullet]
[18:17:52] [Server thread/INFO]: [@: Summoned new Shulker Bullet]
[18:17:52] [Server thread/INFO]: [@: Rotated Trick]
[18:17:52] [Server thread/INFO]: [@: Summoned new Shulker Bullet]
[18:17:52] [Server thread/INFO]: [@: Summoned new Shulker Bullet]
[18:17:52] [Server thread/INFO]: [@: Rotated Trick]
[18:17:52] [Server thread/INFO]: [@: Summoned new Shulker Bullet]
[18:17:52] [Server thread/INFO]: [@: Summoned new Shulker Bullet]
[18:17:52] [Server thread/INFO]: [@: Rotated Trick]
[18:17:52] [Server thread/INFO]: [@: Summoned new Shulker Bullet]
[18:17:52] [Server thread/INFO]: [@: Summoned new Shulker Bullet]
[18:17:52] [Server thread/INFO]: [@: Rotated Trick]
[18:17:52] [Server thread/INFO]: [@: Summoned new Shulker Bullet]
[18:17:52] [Server thread/INFO]: [@: Summoned new Shulker Bullet]
[18:17:52] [Server thread/INFO]: [@: Rotated Trick]
[18:17:52] [Server thread/INFO]: [@: Summoned new Shulker Bullet]
[18:17:52] [Server thread/INFO]: [@: Summoned new Shulker Bullet]
[18:17:52] [Server thread/INFO]: [@: Rotated Trick]
[18:17:52] [Server thread/INFO]: [@: Summoned new Shulker Bullet]
[18:17:52] [Server thread/INFO]: [@: Summoned new Shulker Bullet]
[18:17:52] [Server thread/INFO]: [@: Rotated Trick]
[18:17:52] [Server thread/INFO]: [@: Summoned new Shulker Bullet]
[18:17:52] [Server thread/INFO]: [@: Summoned new Shulker Bullet]
[18:17:52] [Server thread/INFO]: [@: Rotated Trick]
[18:17:52] [Server thread/INFO]: [@: Summoned new Shulker Bullet]
[18:17:52] [Server thread/INFO]: [@: Summoned new Shulker Bullet]
[18:17:52] [Server thread/INFO]: [@: Rotated Trick]
[18:17:52] [Server thread/INFO]: [@: Summoned new Shulker Bullet]
[18:17:52] [Server thread/INFO]: [@: Summoned new Shulker Bullet]
[18:17:52] [Server thread/INFO]: [@: Rotated Trick]
[18:17:52] [Server thread/INFO]: [@: Summoned new Shulker Bullet]
[18:17:52] [Server thread/INFO]: [@: Summoned new Shulker Bullet]
[18:17:52] [Server thread/INFO]: [@: Rotated Trick]
[18:17:52] [Server thread/INFO]: [@: Summoned new Shulker Bullet]
[18:17:52] [Server thread/INFO]: [@: Summoned new Shulker Bullet]
[18:17:52] [Server thread/INFO]: [@: Killed Trick]
[18:17:58] [Server thread/INFO]: Xautral issued server command: /gamerule command_block_output false
[18:17:58] [Server thread/INFO]: [Xautral: Gamerule command_block_output is now set to: false]
[18:17:59] [Async Chat Thread - #20/INFO]: [Not Secure] <Xautral> ya
[18:18:02] [Server thread/INFO]: Xautral issued server command: /tp Slimegolembros
[18:18:02] [Server thread/INFO]: [Xautral: Teleported Xautral to Slimegolembros]
[18:18:06] [Server thread/INFO]: [Slimegolembros: Set own game mode to Spectator Mode]
[18:18:08] [Server thread/INFO]: [Slimegolembros: Set own game mode to Creative Mode]
[18:18:58] [Server thread/INFO]: Xautral issued server command: /tp volcon2
[18:18:58] [Server thread/INFO]: [Xautral: Teleported Xautral to [Volcanos] volcon2]
[18:18:59] [Server thread/INFO]: [Slimegolembros: Set own game mode to Spectator Mode]
[18:19:01] [Server thread/INFO]: [Slimegolembros: Set own game mode to Creative Mode]
[18:19:20] [Server thread/INFO]: [Xautral: Set own game mode to Spectator Mode]
[18:19:23] [Server thread/INFO]: [Xautral: Set own game mode to Creative Mode]
[18:20:08] [Server thread/INFO]: Xautral has made the advancement [Ol' Betsy]
[18:20:20] [Server thread/INFO]: Xautral issued server command: /ie enchant quick_charge 3
[18:20:34] [Server thread/INFO]: Xautral issued server command: /tp 0 0 0
[18:20:34] [Server thread/INFO]: [Xautral: Teleported Xautral to 0.500000, 0.000000, 0.500000]
[18:20:39] [Server thread/INFO]: [Slimegolembros: Set own game mode to Spectator Mode]
[18:20:40] [Server thread/INFO]: [Slimegolembros: Set own game mode to Creative Mode]
[18:20:44] [Server thread/INFO]: Xautral issued server command: /tp volcon2
[18:20:44] [Server thread/INFO]: [Xautral: Teleported Xautral to [Volcanos] volcon2]
[18:21:00] [Async Chat Thread - #21/INFO]: [Not Secure] <volcon2> WERY
[18:21:02] [Async Chat Thread - #21/INFO]: [Not Secure] <Xautral> ya voy
[18:21:05] [Server thread/INFO]: Xautral issued server command: /summon minecraft:acacia_boat
[18:21:05] [Server thread/INFO]: [Xautral: Summoned new Acacia Boat]
[18:21:16] [Server thread/INFO]: Xautral issued server command: /ride @n[type=minecraft:villager] mount @n[type=#boat]
[18:21:16] [Server thread/INFO]: [Xautral: Villager started riding Acacia Boat]
[18:21:18] [Async Chat Thread - #21/INFO]: [Not Secure] <volcon2> wtf
[18:21:18] [Async Chat Thread - #21/INFO]: [Not Secure] <Xautral> listo
[18:21:24] [Server thread/INFO]: Xautral issued server command: /enchant Xautral minecraft:multishot 3
[18:21:26] [Server thread/INFO]: Xautral issued server command: /enchant Xautral minecraft:multishot
[18:21:26] [Server thread/INFO]: [Xautral: Applied enchantment Multishot to Xautral's item]
[18:21:31] [Server thread/INFO]: Xautral issued server command: /summon minecraft:mannequin
[18:21:31] [Server thread/INFO]: [Xautral: Summoned new Mannequin]
[18:21:32] [Server thread/INFO]: Xautral issued server command: /summon minecraft:mannequin
[18:21:32] [Server thread/INFO]: [Xautral: Summoned new Mannequin]
[18:21:32] [Server thread/INFO]: Xautral issued server command: /summon minecraft:mannequin
[18:21:32] [Server thread/INFO]: [Xautral: Summoned new Mannequin]
[18:21:33] [Server thread/INFO]: Xautral issued server command: /summon minecraft:mannequin
[18:21:33] [Server thread/INFO]: [Xautral: Summoned new Mannequin]
[18:22:08] [Async Chat Thread - #21/INFO]: [Not Secure] <Xautral> que pedo
[18:22:10] [Async Chat Thread - #21/INFO]: [Not Secure] <Xautral> que paso
[18:22:21] [Server thread/INFO]: Xautral issued server command: /summon minecraft:acacia_boat
[18:22:21] [Server thread/INFO]: [Xautral: Summoned new Acacia Boat]
[18:22:24] [Server thread/INFO]: Xautral issued server command: /ride @n[type=minecraft:villager] mount @n[type=#boat]
[18:22:24] [Server thread/INFO]: [Xautral: Villager started riding Acacia Boat]
[18:22:26] [Server thread/INFO]: Xautral issued server command: /ride @n[type=minecraft:villager] mount @n[type=#boat]
[18:22:26] [Server thread/INFO]: [Xautral: Villager started riding Acacia Boat]
[18:23:00] [Server thread/INFO]: [Xautral: Set own game mode to Survival Mode]
[18:23:26] [Server thread/INFO]: [Xautral: Set own game mode to Creative Mode]
[18:23:34] [Server thread/INFO]: Xautral issued server command: /tp 0 0 0
[18:23:34] [Server thread/INFO]: [Xautral: Teleported Xautral to 0.500000, 0.000000, 0.500000]
[18:24:04] [Async Chat Thread - #23/INFO]: [Not Secure] <volcon2> por esclavos
[18:25:58] [Server thread/INFO]: [Slimegolembros: Set own game mode to Spectator Mode]
[18:26:00] [Server thread/INFO]: [Slimegolembros: Set own game mode to Creative Mode]
[18:26:17] [Server thread/WARN]: [net.minecraft.world.entity.EntityType] Serialization errors:
: Failed to decode value '[0b,1b]' from field 'Motion': Input is not a list of 3 elements
[18:26:17] [Server thread/WARN]: [net.minecraft.world.entity.EntityType] Serialization errors:
: Failed to decode value '[0b,1b]' from field 'Motion': Input is not a list of 3 elements
[18:26:17] [Server thread/WARN]: [net.minecraft.world.entity.EntityType] Serialization errors:
: Failed to decode value '[0b,1b]' from field 'Motion': Input is not a list of 3 elements
[18:26:17] [Server thread/WARN]: [net.minecraft.world.entity.EntityType] Serialization errors:
: Failed to decode value '[0b,1b]' from field 'Motion': Input is not a list of 3 elements
[18:26:17] [Server thread/WARN]: [net.minecraft.world.entity.EntityType] Serialization errors:
: Failed to decode value '[0b,1b]' from field 'Motion': Input is not a list of 3 elements
[18:26:17] [Server thread/WARN]: [net.minecraft.world.entity.EntityType] Serialization errors:
: Failed to decode value '[0b,1b]' from field 'Motion': Input is not a list of 3 elements
[18:26:17] [Server thread/WARN]: [net.minecraft.world.entity.EntityType] Serialization errors:
: Failed to decode value '[0b,1b]' from field 'Motion': Input is not a list of 3 elements
[18:26:17] [Server thread/WARN]: [net.minecraft.world.entity.EntityType] Serialization errors:
: Failed to decode value '[0b,1b]' from field 'Motion': Input is not a list of 3 elements
[18:26:17] [Server thread/WARN]: [net.minecraft.world.entity.EntityType] Serialization errors:
: Failed to decode value '[0b,1b]' from field 'Motion': Input is not a list of 3 elements
[18:26:17] [Server thread/WARN]: [net.minecraft.world.entity.EntityType] Serialization errors:
: Failed to decode value '[0b,1b]' from field 'Motion': Input is not a list of 3 elements
[18:26:17] [Server thread/WARN]: [net.minecraft.world.entity.EntityType] Serialization errors:
: Failed to decode value '[0b,1b]' from field 'Motion': Input is not a list of 3 elements
[18:26:17] [Server thread/WARN]: [net.minecraft.world.entity.EntityType] Serialization errors:
: Failed to decode value '[0b,1b]' from field 'Motion': Input is not a list of 3 elements
[18:26:17] [Server thread/WARN]: [net.minecraft.world.entity.EntityType] Serialization errors:
: Failed to decode value '[0b,1b]' from field 'Motion': Input is not a list of 3 elements
[18:26:17] [Server thread/WARN]: [net.minecraft.world.entity.EntityType] Serialization errors:
: Failed to decode value '[0b,1b]' from field 'Motion': Input is not a list of 3 elements
[18:26:17] [Server thread/WARN]: [net.minecraft.world.entity.EntityType] Serialization errors:
: Failed to decode value '[0b,1b]' from field 'Motion': Input is not a list of 3 elements
[18:26:17] [Server thread/WARN]: [net.minecraft.world.entity.EntityType] Serialization errors:
: Failed to decode value '[0b,1b]' from field 'Motion': Input is not a list of 3 elements
[18:26:17] [Server thread/WARN]: [net.minecraft.world.entity.EntityType] Serialization errors:
: Failed to decode value '[0b,1b]' from field 'Motion': Input is not a list of 3 elements
[18:26:17] [Server thread/WARN]: [net.minecraft.world.entity.EntityType] Serialization errors:
: Failed to decode value '[0b,1b]' from field 'Motion': Input is not a list of 3 elements
[18:26:17] [Server thread/WARN]: [net.minecraft.world.entity.EntityType] Serialization errors:
: Failed to decode value '[0b,1b]' from field 'Motion': Input is not a list of 3 elements
[18:26:17] [Server thread/WARN]: [net.minecraft.world.entity.EntityType] Serialization errors:
: Failed to decode value '[0b,1b]' from field 'Motion': Input is not a list of 3 elements
[18:26:17] [Server thread/WARN]: [net.minecraft.world.entity.EntityType] Serialization errors:
: Failed to decode value '[0b,1b]' from field 'Motion': Input is not a list of 3 elements
[18:26:17] [Server thread/WARN]: [net.minecraft.world.entity.EntityType] Serialization errors:
: Failed to decode value '[0b,1b]' from field 'Motion': Input is not a list of 3 elements
[18:26:17] [Server thread/WARN]: [net.minecraft.world.entity.EntityType] Serialization errors:
: Failed to decode value '[0b,1b]' from field 'Motion': Input is not a list of 3 elements
[18:26:17] [Server thread/WARN]: [net.minecraft.world.entity.EntityType] Serialization errors:
: Failed to decode value '[0b,1b]' from field 'Motion': Input is not a list of 3 elements
[18:26:17] [Server thread/WARN]: [net.minecraft.world.entity.EntityType] Serialization errors:
: Failed to decode value '[0b,1b]' from field 'Motion': Input is not a list of 3 elements
[18:26:17] [Server thread/WARN]: [net.minecraft.world.entity.EntityType] Serialization errors:
: Failed to decode value '[0b,1b]' from field 'Motion': Input is not a list of 3 elements
[18:26:20] [Server thread/WARN]: [net.minecraft.world.entity.EntityType] Serialization errors:
: Failed to decode value '[0b,1b]' from field 'Motion': Input is not a list of 3 elements
[18:26:20] [Server thread/WARN]: [net.minecraft.world.entity.EntityType] Serialization errors:
: Failed to decode value '[0b,1b]' from field 'Motion': Input is not a list of 3 elements
[18:26:20] [Server thread/WARN]: [net.minecraft.world.entity.EntityType] Serialization errors:
: Failed to decode value '[0b,1b]' from field 'Motion': Input is not a list of 3 elements
[18:26:20] [Server thread/WARN]: [net.minecraft.world.entity.EntityType] Serialization errors:
: Failed to decode value '[0b,1b]' from field 'Motion': Input is not a list of 3 elements
[18:26:20] [Server thread/WARN]: [net.minecraft.world.entity.EntityType] Serialization errors:
: Failed to decode value '[0b,1b]' from field 'Motion': Input is not a list of 3 elements
[18:26:20] [Server thread/WARN]: [net.minecraft.world.entity.EntityType] Serialization errors:
: Failed to decode value '[0b,1b]' from field 'Motion': Input is not a list of 3 elements
[18:26:20] [Server thread/WARN]: [net.minecraft.world.entity.EntityType] Serialization errors:
: Failed to decode value '[0b,1b]' from field 'Motion': Input is not a list of 3 elements
[18:26:20] [Server thread/WARN]: [net.minecraft.world.entity.EntityType] Serialization errors:
: Failed to decode value '[0b,1b]' from field 'Motion': Input is not a list of 3 elements
[18:26:20] [Server thread/WARN]: [net.minecraft.world.entity.EntityType] Serialization errors:
: Failed to decode value '[0b,1b]' from field 'Motion': Input is not a list of 3 elements
[18:26:20] [Server thread/WARN]: [net.minecraft.world.entity.EntityType] Serialization errors:
: Failed to decode value '[0b,1b]' from field 'Motion': Input is not a list of 3 elements
[18:26:20] [Server thread/WARN]: [net.minecraft.world.entity.EntityType] Serialization errors:
: Failed to decode value '[0b,1b]' from field 'Motion': Input is not a list of 3 elements
[18:26:20] [Server thread/WARN]: [net.minecraft.world.entity.EntityType] Serialization errors:
: Failed to decode value '[0b,1b]' from field 'Motion': Input is not a list of 3 elements
[18:26:21] [Server thread/WARN]: [net.minecraft.world.entity.EntityType] Serialization errors:
: Failed to decode value '[0b,1b]' from field 'Motion': Input is not a list of 3 elements
[18:26:21] [Server thread/WARN]: [net.minecraft.world.entity.EntityType] Serialization errors:
: Failed to decode value '[0b,1b]' from field 'Motion': Input is not a list of 3 elements
[18:26:21] [Server thread/WARN]: [net.minecraft.world.entity.EntityType] Serialization errors:
: Failed to decode value '[0b,1b]' from field 'Motion': Input is not a list of 3 elements
[18:26:21] [Server thread/WARN]: [net.minecraft.world.entity.EntityType] Serialization errors:
: Failed to decode value '[0b,1b]' from field 'Motion': Input is not a list of 3 elements
[18:26:21] [Server thread/WARN]: [net.minecraft.world.entity.EntityType] Serialization errors:
: Failed to decode value '[0b,1b]' from field 'Motion': Input is not a list of 3 elements
[18:26:21] [Server thread/WARN]: [net.minecraft.world.entity.EntityType] Serialization errors:
: Failed to decode value '[0b,1b]' from field 'Motion': Input is not a list of 3 elements
[18:26:22] [Server thread/WARN]: [net.minecraft.world.entity.EntityType] Serialization errors:
: Failed to decode value '[0b,1b]' from field 'Motion': Input is not a list of 3 elements
[18:26:22] [Server thread/WARN]: [net.minecraft.world.entity.EntityType] Serialization errors:
: Failed to decode value '[0b,1b]' from field 'Motion': Input is not a list of 3 elements
[18:26:22] [Server thread/WARN]: [net.minecraft.world.entity.EntityType] Serialization errors:
: Failed to decode value '[0b,1b]' from field 'Motion': Input is not a list of 3 elements
[18:26:22] [Server thread/WARN]: [net.minecraft.world.entity.EntityType] Serialization errors:
: Failed to decode value '[0b,1b]' from field 'Motion': Input is not a list of 3 elements
[18:26:22] [Server thread/WARN]: [net.minecraft.world.entity.EntityType] Serialization errors:
: Failed to decode value '[0b,1b]' from field 'Motion': Input is not a list of 3 elements
[18:26:22] [Server thread/WARN]: [net.minecraft.world.entity.EntityType] Serialization errors:
: Failed to decode value '[0b,1b]' from field 'Motion': Input is not a list of 3 elements
[18:26:22] [Server thread/WARN]: [net.minecraft.world.entity.EntityType] Serialization errors:
: Failed to decode value '[0b,1b]' from field 'Motion': Input is not a list of 3 elements
[18:26:22] [Server thread/WARN]: [net.minecraft.world.entity.EntityType] Serialization errors:
: Failed to decode value '[0b,1b]' from field 'Motion': Input is not a list of 3 elements
[18:26:22] [Server thread/WARN]: [net.minecraft.world.entity.EntityType] Serialization errors:
: Failed to decode value '[0b,1b]' from field 'Motion': Input is not a list of 3 elements
[18:26:22] [Server thread/WARN]: [net.minecraft.world.entity.EntityType] Serialization errors:
: Failed to decode value '[0b,1b]' from field 'Motion': Input is not a list of 3 elements
[18:26:22] [Server thread/WARN]: [net.minecraft.world.entity.EntityType] Serialization errors:
: Failed to decode value '[0b,1b]' from field 'Motion': Input is not a list of 3 elements
[18:26:22] [Server thread/WARN]: [net.minecraft.world.entity.EntityType] Serialization errors:
: Failed to decode value '[0b,1b]' from field 'Motion': Input is not a list of 3 elements
[18:26:22] [Server thread/WARN]: [net.minecraft.world.entity.EntityType] Serialization errors:
: Failed to decode value '[0b,1b]' from field 'Motion': Input is not a list of 3 elements
[18:26:22] [Server thread/WARN]: [net.minecraft.world.entity.EntityType] Serialization errors:
: Failed to decode value '[0b,1b]' from field 'Motion': Input is not a list of 3 elements
[18:26:22] [Server thread/WARN]: [net.minecraft.world.entity.EntityType] Serialization errors:
: Failed to decode value '[0b,1b]' from field 'Motion': Input is not a list of 3 elements
[18:26:22] [Server thread/WARN]: [net.minecraft.world.entity.EntityType] Serialization errors:
: Failed to decode value '[0b,1b]' from field 'Motion': Input is not a list of 3 elements
[18:26:22] [Server thread/WARN]: [net.minecraft.world.entity.EntityType] Serialization errors:
: Failed to decode value '[0b,1b]' from field 'Motion': Input is not a list of 3 elements
[18:26:22] [Server thread/WARN]: [net.minecraft.world.entity.EntityType] Serialization errors:
: Failed to decode value '[0b,1b]' from field 'Motion': Input is not a list of 3 elements
[18:26:22] [Server thread/WARN]: [net.minecraft.world.entity.EntityType] Serialization errors:
: Failed to decode value '[0b,1b]' from field 'Motion': Input is not a list of 3 elements
[18:26:22] [Server thread/WARN]: [net.minecraft.world.entity.EntityType] Serialization errors:
: Failed to decode value '[0b,1b]' from field 'Motion': Input is not a list of 3 elements
[18:26:22] [Server thread/WARN]: [net.minecraft.world.entity.EntityType] Serialization errors:
: Failed to decode value '[0b,1b]' from field 'Motion': Input is not a list of 3 elements
[18:26:22] [Server thread/WARN]: [net.minecraft.world.entity.EntityType] Serialization errors:
: Failed to decode value '[0b,1b]' from field 'Motion': Input is not a list of 3 elements
[18:26:22] [Server thread/WARN]: [net.minecraft.world.entity.EntityType] Serialization errors:
: Failed to decode value '[0b,1b]' from field 'Motion': Input is not a list of 3 elements
[18:26:22] [Server thread/WARN]: [net.minecraft.world.entity.EntityType] Serialization errors:
: Failed to decode value '[0b,1b]' from field 'Motion': Input is not a list of 3 elements
[18:26:22] [Server thread/WARN]: [net.minecraft.world.entity.EntityType] Serialization errors:
: Failed to decode value '[0b,1b]' from field 'Motion': Input is not a list of 3 elements
[18:26:22] [Server thread/WARN]: [net.minecraft.world.entity.EntityType] Serialization errors:
: Failed to decode value '[0b,1b]' from field 'Motion': Input is not a list of 3 elements
[18:26:22] [Server thread/WARN]: [net.minecraft.world.entity.EntityType] Serialization errors:
: Failed to decode value '[0b,1b]' from field 'Motion': Input is not a list of 3 elements
[18:26:23] [Server thread/INFO]: [Slimegolembros: Set own game mode to Spectator Mode]
[18:26:24] [Server thread/INFO]: [Slimegolembros: Set own game mode to Creative Mode]
[18:26:39] [Async Chat Thread - #25/INFO]: [Not Secure] <volcon2> les gusta estas esclavas de mierda?
[18:26:54] [Server thread/WARN]: [net.minecraft.world.entity.EntityType] Serialization errors:
: Failed to decode value '[0b,1b]' from field 'Motion': Input is not a list of 3 elements
[18:26:54] [Server thread/WARN]: [net.minecraft.world.entity.EntityType] Serialization errors:
: Failed to decode value '[0b,1b]' from field 'Motion': Input is not a list of 3 elements
[18:26:54] [Server thread/WARN]: [net.minecraft.world.entity.EntityType] Serialization errors:
: Failed to decode value '[0b,1b]' from field 'Motion': Input is not a list of 3 elements
[18:26:57] [Server thread/WARN]: [net.minecraft.world.entity.EntityType] Serialization errors:
: Failed to decode value '[0b,1b]' from field 'Motion': Input is not a list of 3 elements
[18:26:57] [Server thread/WARN]: [net.minecraft.world.entity.EntityType] Serialization errors:
: Failed to decode value '[0b,1b]' from field 'Motion': Input is not a list of 3 elements
[18:26:57] [Server thread/WARN]: [net.minecraft.world.entity.EntityType] Serialization errors:
: Failed to decode value '[0b,1b]' from field 'Motion': Input is not a list of 3 elements
[18:26:59] [Server thread/INFO]: [Xautral: Set own game mode to Survival Mode]
[18:27:00] [Server thread/WARN]: [net.minecraft.world.entity.EntityType] Serialization errors:
: Failed to decode value '[0b,1b]' from field 'Motion': Input is not a list of 3 elements
[18:27:00] [Server thread/WARN]: [net.minecraft.world.entity.EntityType] Serialization errors:
: Failed to decode value '[0b,1b]' from field 'Motion': Input is not a list of 3 elements
[18:27:00] [Server thread/WARN]: [net.minecraft.world.entity.EntityType] Serialization errors:
: Failed to decode value '[0b,1b]' from field 'Motion': Input is not a list of 3 elements
[18:27:02] [Server thread/WARN]: [net.minecraft.world.entity.EntityType] Serialization errors:
: Failed to decode value '[0b,1b]' from field 'Motion': Input is not a list of 3 elements
[18:27:02] [Server thread/WARN]: [net.minecraft.world.entity.EntityType] Serialization errors:
: Failed to decode value '[0b,1b]' from field 'Motion': Input is not a list of 3 elements
[18:27:02] [Server thread/WARN]: [net.minecraft.world.entity.EntityType] Serialization errors:
: Failed to decode value '[0b,1b]' from field 'Motion': Input is not a list of 3 elements
[18:27:04] [Server thread/WARN]: [net.minecraft.world.entity.EntityType] Serialization errors:
: Failed to decode value '[0b,1b]' from field 'Motion': Input is not a list of 3 elements
[18:27:04] [Server thread/WARN]: [net.minecraft.world.entity.EntityType] Serialization errors:
: Failed to decode value '[0b,1b]' from field 'Motion': Input is not a list of 3 elements
[18:27:04] [Server thread/WARN]: [net.minecraft.world.entity.EntityType] Serialization errors:
: Failed to decode value '[0b,1b]' from field 'Motion': Input is not a list of 3 elements
[18:27:06] [Server thread/WARN]: [net.minecraft.world.entity.EntityType] Serialization errors:
: Failed to decode value '[0b,1b]' from field 'Motion': Input is not a list of 3 elements
[18:27:06] [Server thread/WARN]: [net.minecraft.world.entity.EntityType] Serialization errors:
: Failed to decode value '[0b,1b]' from field 'Motion': Input is not a list of 3 elements
[18:27:06] [Server thread/WARN]: [net.minecraft.world.entity.EntityType] Serialization errors:
: Failed to decode value '[0b,1b]' from field 'Motion': Input is not a list of 3 elements
[18:27:09] [Server thread/INFO]: [Xautral: Set own game mode to Creative Mode]
[18:27:13] [Server thread/INFO]: Xautral issued server command: /summon minecraft:mannequin
[18:27:13] [Server thread/INFO]: [Xautral: Summoned new Mannequin]
[18:27:14] [Server thread/INFO]: Xautral issued server command: /summon minecraft:mannequin
[18:27:14] [Server thread/INFO]: [Xautral: Summoned new Mannequin]
[18:27:15] [Server thread/INFO]: Xautral issued server command: /summon minecraft:mannequin
[18:27:15] [Server thread/INFO]: [Xautral: Summoned new Mannequin]
[18:27:15] [Server thread/INFO]: Xautral issued server command: /summon minecraft:mannequin
[18:27:15] [Server thread/INFO]: [Xautral: Summoned new Mannequin]
[18:27:16] [Server thread/INFO]: Xautral issued server command: /summon minecraft:mannequint
[18:27:17] [Server thread/WARN]: [net.minecraft.world.entity.EntityType] Serialization errors:
: Failed to decode value '[0b,1b]' from field 'Motion': Input is not a list of 3 elements
[18:27:17] [Server thread/WARN]: [net.minecraft.world.entity.EntityType] Serialization errors:
: Failed to decode value '[0b,1b]' from field 'Motion': Input is not a list of 3 elements
[18:27:17] [Server thread/WARN]: [net.minecraft.world.entity.EntityType] Serialization errors:
: Failed to decode value '[0b,1b]' from field 'Motion': Input is not a list of 3 elements
[18:27:17] [Server thread/WARN]: [net.minecraft.world.entity.EntityType] Serialization errors:
: Failed to decode value '[0b,1b]' from field 'Motion': Input is not a list of 3 elements
[18:27:17] [Server thread/WARN]: [net.minecraft.world.entity.EntityType] Serialization errors:
: Failed to decode value '[0b,1b]' from field 'Motion': Input is not a list of 3 elements
[18:27:19] [Server thread/WARN]: [net.minecraft.world.entity.EntityType] Serialization errors:
: Failed to decode value '[0b,1b]' from field 'Motion': Input is not a list of 3 elements
[18:27:19] [Server thread/WARN]: [net.minecraft.world.entity.EntityType] Serialization errors:
: Failed to decode value '[0b,1b]' from field 'Motion': Input is not a list of 3 elements
[18:27:19] [Server thread/WARN]: [net.minecraft.world.entity.EntityType] Serialization errors:
: Failed to decode value '[0b,1b]' from field 'Motion': Input is not a list of 3 elements
[18:27:22] [Server thread/WARN]: [net.minecraft.world.entity.EntityType] Serialization errors:
: Failed to decode value '[0b,1b]' from field 'Motion': Input is not a list of 3 elements
[18:27:22] [Server thread/WARN]: [net.minecraft.world.entity.EntityType] Serialization errors:
: Failed to decode value '[0b,1b]' from field 'Motion': Input is not a list of 3 elements
[18:27:22] [Server thread/WARN]: [net.minecraft.world.entity.EntityType] Serialization errors:
: Failed to decode value '[0b,1b]' from field 'Motion': Input is not a list of 3 elements
[18:28:22] [Async Chat Thread - #27/INFO]: [Not Secure] <Slimegolembros> afk un rato
[18:29:23] [Server thread/INFO]: Xautral issued server command: /summon minecraft:mannequin
[18:29:23] [Server thread/INFO]: [Xautral: Summoned new Mannequin]
[18:29:23] [Server thread/INFO]: Xautral issued server command: /summon minecraft:mannequin
[18:29:23] [Server thread/INFO]: [Xautral: Summoned new Mannequin]
[18:29:24] [Server thread/INFO]: Xautral issued server command: /summon minecraft:mannequin
[18:29:24] [Server thread/INFO]: [Xautral: Summoned new Mannequin]
[18:29:24] [Server thread/INFO]: Xautral issued server command: /summon minecraft:mannequin
[18:29:24] [Server thread/INFO]: [Xautral: Summoned new Mannequin]
[18:29:24] [Server thread/INFO]: Xautral issued server command: /summon minecraft:mannequin
[18:29:24] [Server thread/INFO]: [Xautral: Summoned new Mannequin]
[18:29:46] [Server thread/INFO]: [Xautral: Set own game mode to Survival Mode]
[18:30:05] [Server thread/INFO]: [Xautral: Set own game mode to Creative Mode]
[18:30:20] [Server thread/INFO]: Xautral issued server command: /summon minecraft:iron_golem
[18:30:20] [Server thread/INFO]: [Xautral: Summoned new Iron Golem]
[18:30:20] [Server thread/INFO]: Xautral issued server command: /summon minecraft:iron_golem
[18:30:20] [Server thread/INFO]: [Xautral: Summoned new Iron Golem]
[18:30:20] [Async Chat Thread - #29/INFO]: [Not Secure] <Xautral> t
[18:30:47] [Server thread/WARN]: [net.minecraft.world.entity.EntityType] Serialization errors:
: Failed to decode value '[0b,0,5b,-1b]' from field 'Motion': Input is not a list of 3 elements
[18:30:47] [Server thread/WARN]: [net.minecraft.world.entity.EntityType] Serialization errors:
: Failed to decode value '[0b,0,5b,-1b]' from field 'Motion': Input is not a list of 3 elements
[18:30:47] [Server thread/WARN]: [net.minecraft.world.entity.EntityType] Serialization errors:
: Failed to decode value '[0b,0,5b,-1b]' from field 'Motion': Input is not a list of 3 elements
[18:30:47] [Server thread/WARN]: [net.minecraft.world.entity.EntityType] Serialization errors:
: Failed to decode value '[0b,0,5b,1b]' from field 'Motion': Input is not a list of 3 elements
[18:30:47] [Server thread/WARN]: [net.minecraft.world.entity.EntityType] Serialization errors:
: Failed to decode value '[0b,0,5b,1b]' from field 'Motion': Input is not a list of 3 elements
[18:30:47] [Server thread/WARN]: [net.minecraft.world.entity.EntityType] Serialization errors:
: Failed to decode value '[0b,0,5b,1b]' from field 'Motion': Input is not a list of 3 elements
[18:30:47] [Server thread/WARN]: [net.minecraft.world.entity.EntityType] Serialization errors:
: Failed to decode value '[0b,0,5b,-1b]' from field 'Motion': Input is not a list of 3 elements
[18:30:47] [Server thread/WARN]: [net.minecraft.world.entity.EntityType] Serialization errors:
: Failed to decode value '[0b,0,5b,-1b]' from field 'Motion': Input is not a list of 3 elements
[18:30:47] [Server thread/WARN]: [net.minecraft.world.entity.EntityType] Serialization errors:
: Failed to decode value '[0b,0,5b,-1b]' from field 'Motion': Input is not a list of 3 elements
[18:30:48] [Server thread/WARN]: [net.minecraft.world.entity.EntityType] Serialization errors:
: Failed to decode value '[0b,0,5b,1b]' from field 'Motion': Input is not a list of 3 elements
[18:30:48] [Server thread/WARN]: [net.minecraft.world.entity.EntityType] Serialization errors:
: Failed to decode value '[0b,0,5b,1b]' from field 'Motion': Input is not a list of 3 elements
[18:30:48] [Server thread/WARN]: [net.minecraft.world.entity.EntityType] Serialization errors:
: Failed to decode value '[0b,0,5b,1b]' from field 'Motion': Input is not a list of 3 elements
[18:30:48] [Server thread/WARN]: [net.minecraft.world.entity.EntityType] Serialization errors:
: Failed to decode value '[0b,0,5b,-1b]' from field 'Motion': Input is not a list of 3 elements
[18:30:48] [Server thread/WARN]: [net.minecraft.world.entity.EntityType] Serialization errors:
: Failed to decode value '[0b,0,5b,-1b]' from field 'Motion': Input is not a list of 3 elements
[18:30:48] [Server thread/WARN]: [net.minecraft.world.entity.EntityType] Serialization errors:
: Failed to decode value '[0b,0,5b,-1b]' from field 'Motion': Input is not a list of 3 elements
[18:30:48] [Server thread/WARN]: [net.minecraft.world.entity.EntityType] Serialization errors:
: Failed to decode value '[0b,0,5b,1b]' from field 'Motion': Input is not a list of 3 elements
[18:30:48] [Server thread/WARN]: [net.minecraft.world.entity.EntityType] Serialization errors:
: Failed to decode value '[0b,0,5b,1b]' from field 'Motion': Input is not a list of 3 elements
[18:30:48] [Server thread/WARN]: [net.minecraft.world.entity.EntityType] Serialization errors:
: Failed to decode value '[0b,0,5b,1b]' from field 'Motion': Input is not a list of 3 elements
[18:30:48] [Server thread/WARN]: [net.minecraft.world.entity.EntityType] Serialization errors:
: Failed to decode value '[0b,0,5b,-1b]' from field 'Motion': Input is not a list of 3 elements
[18:30:48] [Server thread/WARN]: [net.minecraft.world.entity.EntityType] Serialization errors:
: Failed to decode value '[0b,0,5b,-1b]' from field 'Motion': Input is not a list of 3 elements
[18:30:48] [Server thread/WARN]: [net.minecraft.world.entity.EntityType] Serialization errors:
: Failed to decode value '[0b,0,5b,1b]' from field 'Motion': Input is not a list of 3 elements
[18:30:48] [Server thread/WARN]: [net.minecraft.world.entity.EntityType] Serialization errors:
: Failed to decode value '[0b,0,5b,1b]' from field 'Motion': Input is not a list of 3 elements
[18:30:48] [Server thread/WARN]: [net.minecraft.world.entity.EntityType] Serialization errors:
: Failed to decode value '[0b,0,5b,-1b]' from field 'Motion': Input is not a list of 3 elements
[18:30:48] [Server thread/WARN]: [net.minecraft.world.entity.EntityType] Serialization errors:
: Failed to decode value '[0b,0,5b,-1b]' from field 'Motion': Input is not a list of 3 elements
[18:30:48] [Server thread/WARN]: [net.minecraft.world.entity.EntityType] Serialization errors:
: Failed to decode value '[0b,0,5b,1b]' from field 'Motion': Input is not a list of 3 elements
[18:30:48] [Server thread/WARN]: [net.minecraft.world.entity.EntityType] Serialization errors:
: Failed to decode value '[0b,0,5b,1b]' from field 'Motion': Input is not a list of 3 elements
[18:30:50] [Server thread/WARN]: [net.minecraft.world.entity.EntityType] Serialization errors:
: Failed to decode value '[0b,0,5b,-1b]' from field 'Motion': Input is not a list of 3 elements
[18:30:50] [Server thread/WARN]: [net.minecraft.world.entity.EntityType] Serialization errors:
: Failed to decode value '[0b,0,5b,-1b]' from field 'Motion': Input is not a list of 3 elements
[18:30:50] [Server thread/WARN]: [net.minecraft.world.entity.EntityType] Serialization errors:
: Failed to decode value '[0b,0,5b,-1b]' from field 'Motion': Input is not a list of 3 elements
[18:30:50] [Server thread/WARN]: [net.minecraft.world.entity.EntityType] Serialization errors:
: Failed to decode value '[0b,0,5b,1b]' from field 'Motion': Input is not a list of 3 elements
[18:30:50] [Server thread/WARN]: [net.minecraft.world.entity.EntityType] Serialization errors:
: Failed to decode value '[0b,0,5b,1b]' from field 'Motion': Input is not a list of 3 elements
[18:30:50] [Server thread/WARN]: [net.minecraft.world.entity.EntityType] Serialization errors:
: Failed to decode value '[0b,0,5b,1b]' from field 'Motion': Input is not a list of 3 elements
[18:30:50] [Server thread/WARN]: [net.minecraft.world.entity.EntityType] Serialization errors:
: Failed to decode value '[0b,0,5b,-1b]' from field 'Motion': Input is not a list of 3 elements
[18:30:50] [Server thread/WARN]: [net.minecraft.world.entity.EntityType] Serialization errors:
: Failed to decode value '[0b,0,5b,-1b]' from field 'Motion': Input is not a list of 3 elements
[18:30:50] [Server thread/WARN]: [net.minecraft.world.entity.EntityType] Serialization errors:
: Failed to decode value '[0b,0,5b,-1b]' from field 'Motion': Input is not a list of 3 elements
[18:30:50] [Server thread/WARN]: [net.minecraft.world.entity.EntityType] Serialization errors:
: Failed to decode value '[0b,0,5b,1b]' from field 'Motion': Input is not a list of 3 elements
[18:30:50] [Server thread/WARN]: [net.minecraft.world.entity.EntityType] Serialization errors:
: Failed to decode value '[0b,0,5b,1b]' from field 'Motion': Input is not a list of 3 elements
[18:30:50] [Server thread/WARN]: [net.minecraft.world.entity.EntityType] Serialization errors:
: Failed to decode value '[0b,0,5b,1b]' from field 'Motion': Input is not a list of 3 elements
[18:30:50] [Server thread/WARN]: [net.minecraft.world.entity.EntityType] Serialization errors:
: Failed to decode value '[0b,0,5b,-1b]' from field 'Motion': Input is not a list of 3 elements
[18:30:50] [Server thread/WARN]: [net.minecraft.world.entity.EntityType] Serialization errors:
: Failed to decode value '[0b,0,5b,-1b]' from field 'Motion': Input is not a list of 3 elements
[18:30:50] [Server thread/WARN]: [net.minecraft.world.entity.EntityType] Serialization errors:
: Failed to decode value '[0b,0,5b,-1b]' from field 'Motion': Input is not a list of 3 elements
[18:30:50] [Server thread/WARN]: [net.minecraft.world.entity.EntityType] Serialization errors:
: Failed to decode value '[0b,0,5b,1b]' from field 'Motion': Input is not a list of 3 elements
[18:30:50] [Server thread/WARN]: [net.minecraft.world.entity.EntityType] Serialization errors:
: Failed to decode value '[0b,0,5b,1b]' from field 'Motion': Input is not a list of 3 elements
[18:30:50] [Server thread/WARN]: [net.minecraft.world.entity.EntityType] Serialization errors:
: Failed to decode value '[0b,0,5b,1b]' from field 'Motion': Input is not a list of 3 elements
[18:30:50] [Server thread/WARN]: [net.minecraft.world.entity.EntityType] Serialization errors:
: Failed to decode value '[0b,0,5b,-1b]' from field 'Motion': Input is not a list of 3 elements
[18:30:50] [Server thread/WARN]: [net.minecraft.world.entity.EntityType] Serialization errors:
: Failed to decode value '[0b,0,5b,-1b]' from field 'Motion': Input is not a list of 3 elements
[18:30:50] [Server thread/WARN]: [net.minecraft.world.entity.EntityType] Serialization errors:
: Failed to decode value '[0b,0,5b,-1b]' from field 'Motion': Input is not a list of 3 elements
[18:30:50] [Server thread/WARN]: [net.minecraft.world.entity.EntityType] Serialization errors:
: Failed to decode value '[0b,0,5b,1b]' from field 'Motion': Input is not a list of 3 elements
[18:30:50] [Server thread/WARN]: [net.minecraft.world.entity.EntityType] Serialization errors:
: Failed to decode value '[0b,0,5b,1b]' from field 'Motion': Input is not a list of 3 elements
[18:30:50] [Server thread/WARN]: [net.minecraft.world.entity.EntityType] Serialization errors:
: Failed to decode value '[0b,0,5b,1b]' from field 'Motion': Input is not a list of 3 elements
[18:30:50] [Server thread/WARN]: [net.minecraft.world.entity.EntityType] Serialization errors:
: Failed to decode value '[0b,0,5b,-1b]' from field 'Motion': Input is not a list of 3 elements
[18:30:50] [Server thread/WARN]: [net.minecraft.world.entity.EntityType] Serialization errors:
: Failed to decode value '[0b,0,5b,-1b]' from field 'Motion': Input is not a list of 3 elements
[18:30:50] [Server thread/WARN]: [net.minecraft.world.entity.EntityType] Serialization errors:
: Failed to decode value '[0b,0,5b,1b]' from field 'Motion': Input is not a list of 3 elements
[18:30:50] [Server thread/WARN]: [net.minecraft.world.entity.EntityType] Serialization errors:
: Failed to decode value '[0b,0,5b,1b]' from field 'Motion': Input is not a list of 3 elements
[18:30:50] [Server thread/WARN]: [net.minecraft.world.entity.EntityType] Serialization errors:
: Failed to decode value '[0b,0,5b,-1b]' from field 'Motion': Input is not a list of 3 elements
[18:30:50] [Server thread/WARN]: [net.minecraft.world.entity.EntityType] Serialization errors:
: Failed to decode value '[0b,0,5b,1b]' from field 'Motion': Input is not a list of 3 elements
[18:30:50] [Server thread/WARN]: [net.minecraft.world.entity.EntityType] Serialization errors:
: Failed to decode value '[0b,0,5b,-1b]' from field 'Motion': Input is not a list of 3 elements
[18:30:50] [Server thread/WARN]: [net.minecraft.world.entity.EntityType] Serialization errors:
: Failed to decode value '[0b,0,5b,1b]' from field 'Motion': Input is not a list of 3 elements
[18:30:50] [Server thread/WARN]: [net.minecraft.world.entity.EntityType] Serialization errors:
: Failed to decode value '[0b,0,5b,-1b]' from field 'Motion': Input is not a list of 3 elements
[18:30:50] [Server thread/WARN]: [net.minecraft.world.entity.EntityType] Serialization errors:
: Failed to decode value '[0b,0,5b,1b]' from field 'Motion': Input is not a list of 3 elements
[18:30:50] [Server thread/WARN]: [net.minecraft.world.entity.EntityType] Serialization errors:
: Failed to decode value '[0b,0,5b,-1b]' from field 'Motion': Input is not a list of 3 elements
[18:30:50] [Server thread/WARN]: [net.minecraft.world.entity.EntityType] Serialization errors:
: Failed to decode value '[0b,0,5b,1b]' from field 'Motion': Input is not a list of 3 elements
[18:30:50] [Server thread/WARN]: [net.minecraft.world.entity.EntityType] Serialization errors:
: Failed to decode value '[0b,0,5b,-1b]' from field 'Motion': Input is not a list of 3 elements
[18:30:50] [Server thread/WARN]: [net.minecraft.world.entity.EntityType] Serialization errors:
: Failed to decode value '[0b,0,5b,1b]' from field 'Motion': Input is not a list of 3 elements
[18:30:50] [Server thread/WARN]: [net.minecraft.world.entity.EntityType] Serialization errors:
: Failed to decode value '[0b,0,5b,-1b]' from field 'Motion': Input is not a list of 3 elements
[18:30:50] [Server thread/WARN]: [net.minecraft.world.entity.EntityType] Serialization errors:
: Failed to decode value '[0b,0,5b,1b]' from field 'Motion': Input is not a list of 3 elements
[18:30:50] [Server thread/WARN]: [net.minecraft.world.entity.EntityType] Serialization errors:
: Failed to decode value '[0b,0,5b,-1b]' from field 'Motion': Input is not a list of 3 elements
[18:30:50] [Server thread/WARN]: [net.minecraft.world.entity.EntityType] Serialization errors:
: Failed to decode value '[0b,0,5b,1b]' from field 'Motion': Input is not a list of 3 elements
[18:30:51] [Server thread/WARN]: [net.minecraft.world.entity.EntityType] Serialization errors:
: Failed to decode value '[0b,0,5b,-1b]' from field 'Motion': Input is not a list of 3 elements
[18:30:51] [Server thread/WARN]: [net.minecraft.world.entity.EntityType] Serialization errors:
: Failed to decode value '[0b,0,5b,-1b]' from field 'Motion': Input is not a list of 3 elements
[18:30:51] [Server thread/WARN]: [net.minecraft.world.entity.EntityType] Serialization errors:
: Failed to decode value '[0b,0,5b,-1b]' from field 'Motion': Input is not a list of 3 elements
[18:30:52] [Server thread/WARN]: [net.minecraft.world.entity.EntityType] Serialization errors:
: Failed to decode value '[0b,0,5b,1b]' from field 'Motion': Input is not a list of 3 elements
[18:30:52] [Server thread/WARN]: [net.minecraft.world.entity.EntityType] Serialization errors:
: Failed to decode value '[0b,0,5b,1b]' from field 'Motion': Input is not a list of 3 elements
[18:30:52] [Server thread/WARN]: [net.minecraft.world.entity.EntityType] Serialization errors:
: Failed to decode value '[0b,0,5b,1b]' from field 'Motion': Input is not a list of 3 elements
[18:30:52] [Server thread/WARN]: [net.minecraft.world.entity.EntityType] Serialization errors:
: Failed to decode value '[0b,0,5b,-1b]' from field 'Motion': Input is not a list of 3 elements
[18:30:52] [Server thread/WARN]: [net.minecraft.world.entity.EntityType] Serialization errors:
: Failed to decode value '[0b,0,5b,-1b]' from field 'Motion': Input is not a list of 3 elements
[18:30:52] [Server thread/WARN]: [net.minecraft.world.entity.EntityType] Serialization errors:
: Failed to decode value '[0b,0,5b,-1b]' from field 'Motion': Input is not a list of 3 elements
[18:30:52] [Server thread/WARN]: [net.minecraft.world.entity.EntityType] Serialization errors:
: Failed to decode value '[0b,0,5b,1b]' from field 'Motion': Input is not a list of 3 elements
[18:30:52] [Server thread/WARN]: [net.minecraft.world.entity.EntityType] Serialization errors:
: Failed to decode value '[0b,0,5b,1b]' from field 'Motion': Input is not a list of 3 elements
[18:30:52] [Server thread/WARN]: [net.minecraft.world.entity.EntityType] Serialization errors:
: Failed to decode value '[0b,0,5b,1b]' from field 'Motion': Input is not a list of 3 elements
[18:30:52] [Server thread/WARN]: [net.minecraft.world.entity.EntityType] Serialization errors:
: Failed to decode value '[0b,0,5b,-1b]' from field 'Motion': Input is not a list of 3 elements
[18:30:52] [Server thread/WARN]: [net.minecraft.world.entity.EntityType] Serialization errors:
: Failed to decode value '[0b,0,5b,-1b]' from field 'Motion': Input is not a list of 3 elements
[18:30:52] [Server thread/WARN]: [net.minecraft.world.entity.EntityType] Serialization errors:
: Failed to decode value '[0b,0,5b,-1b]' from field 'Motion': Input is not a list of 3 elements
[18:30:52] [Server thread/WARN]: [net.minecraft.world.entity.EntityType] Serialization errors:
: Failed to decode value '[0b,0,5b,1b]' from field 'Motion': Input is not a list of 3 elements
[18:30:52] [Server thread/WARN]: [net.minecraft.world.entity.EntityType] Serialization errors:
: Failed to decode value '[0b,0,5b,1b]' from field 'Motion': Input is not a list of 3 elements
[18:30:52] [Server thread/WARN]: [net.minecraft.world.entity.EntityType] Serialization errors:
: Failed to decode value '[0b,0,5b,1b]' from field 'Motion': Input is not a list of 3 elements
[18:30:52] [Server thread/WARN]: [net.minecraft.world.entity.EntityType] Serialization errors:
: Failed to decode value '[0b,0,5b,-1b]' from field 'Motion': Input is not a list of 3 elements
[18:30:52] [Server thread/WARN]: [net.minecraft.world.entity.EntityType] Serialization errors:
: Failed to decode value '[0b,0,5b,-1b]' from field 'Motion': Input is not a list of 3 elements
[18:30:52] [Server thread/WARN]: [net.minecraft.world.entity.EntityType] Serialization errors:
: Failed to decode value '[0b,0,5b,1b]' from field 'Motion': Input is not a list of 3 elements
[18:30:52] [Server thread/WARN]: [net.minecraft.world.entity.EntityType] Serialization errors:
: Failed to decode value '[0b,0,5b,1b]' from field 'Motion': Input is not a list of 3 elements
[18:30:53] [Server thread/WARN]: [net.minecraft.world.entity.EntityType] Serialization errors:
: Failed to decode value '[0b,0,5b,-1b]' from field 'Motion': Input is not a list of 3 elements
[18:30:53] [Server thread/WARN]: [net.minecraft.world.entity.EntityType] Serialization errors:
: Failed to decode value '[0b,0,5b,-1b]' from field 'Motion': Input is not a list of 3 elements
[18:30:53] [Server thread/WARN]: [net.minecraft.world.entity.EntityType] Serialization errors:
: Failed to decode value '[0b,0,5b,-1b]' from field 'Motion': Input is not a list of 3 elements
[18:30:53] [Server thread/WARN]: [net.minecraft.world.entity.EntityType] Serialization errors:
: Failed to decode value '[0b,0,5b,1b]' from field 'Motion': Input is not a list of 3 elements
[18:30:53] [Server thread/WARN]: [net.minecraft.world.entity.EntityType] Serialization errors:
: Failed to decode value '[0b,0,5b,1b]' from field 'Motion': Input is not a list of 3 elements
[18:30:53] [Server thread/WARN]: [net.minecraft.world.entity.EntityType] Serialization errors:
: Failed to decode value '[0b,0,5b,1b]' from field 'Motion': Input is not a list of 3 elements
[18:30:54] [Server thread/WARN]: [net.minecraft.world.entity.EntityType] Serialization errors:
: Failed to decode value '[0b,0,5b,-1b]' from field 'Motion': Input is not a list of 3 elements
[18:30:54] [Server thread/WARN]: [net.minecraft.world.entity.EntityType] Serialization errors:
: Failed to decode value '[0b,0,5b,-1b]' from field 'Motion': Input is not a list of 3 elements
[18:30:54] [Server thread/WARN]: [net.minecraft.world.entity.EntityType] Serialization errors:
: Failed to decode value '[0b,0,5b,-1b]' from field 'Motion': Input is not a list of 3 elements
[18:30:54] [Server thread/WARN]: [net.minecraft.world.entity.EntityType] Serialization errors:
: Failed to decode value '[0b,0,5b,1b]' from field 'Motion': Input is not a list of 3 elements
[18:30:54] [Server thread/WARN]: [net.minecraft.world.entity.EntityType] Serialization errors:
: Failed to decode value '[0b,0,5b,1b]' from field 'Motion': Input is not a list of 3 elements
[18:30:54] [Server thread/WARN]: [net.minecraft.world.entity.EntityType] Serialization errors:
: Failed to decode value '[0b,0,5b,1b]' from field 'Motion': Input is not a list of 3 elements
[18:30:54] [Server thread/WARN]: [net.minecraft.world.entity.EntityType] Serialization errors:
: Failed to decode value '[0b,0,5b,-1b]' from field 'Motion': Input is not a list of 3 elements
[18:30:54] [Server thread/WARN]: [net.minecraft.world.entity.EntityType] Serialization errors:
: Failed to decode value '[0b,0,5b,-1b]' from field 'Motion': Input is not a list of 3 elements
[18:30:54] [Server thread/WARN]: [net.minecraft.world.entity.EntityType] Serialization errors:
: Failed to decode value '[0b,0,5b,-1b]' from field 'Motion': Input is not a list of 3 elements
[18:30:54] [Server thread/WARN]: [net.minecraft.world.entity.EntityType] Serialization errors:
: Failed to decode value '[0b,0,5b,1b]' from field 'Motion': Input is not a list of 3 elements
[18:30:54] [Server thread/WARN]: [net.minecraft.world.entity.EntityType] Serialization errors:
: Failed to decode value '[0b,0,5b,1b]' from field 'Motion': Input is not a list of 3 elements
[18:30:54] [Server thread/WARN]: [net.minecraft.world.entity.EntityType] Serialization errors:
: Failed to decode value '[0b,0,5b,1b]' from field 'Motion': Input is not a list of 3 elements
[18:30:54] [Server thread/WARN]: [net.minecraft.world.entity.EntityType] Serialization errors:
: Failed to decode value '[0b,0,5b,-1b]' from field 'Motion': Input is not a list of 3 elements
[18:30:54] [Server thread/WARN]: [net.minecraft.world.entity.EntityType] Serialization errors:
: Failed to decode value '[0b,0,5b,-1b]' from field 'Motion': Input is not a list of 3 elements
[18:30:54] [Server thread/WARN]: [net.minecraft.world.entity.EntityType] Serialization errors:
: Failed to decode value '[0b,0,5b,1b]' from field 'Motion': Input is not a list of 3 elements
[18:30:54] [Server thread/WARN]: [net.minecraft.world.entity.EntityType] Serialization errors:
: Failed to decode value '[0b,0,5b,1b]' from field 'Motion': Input is not a list of 3 elements
[18:30:54] [Server thread/WARN]: [net.minecraft.world.entity.EntityType] Serialization errors:
: Failed to decode value '[0b,0,5b,-1b]' from field 'Motion': Input is not a list of 3 elements
[18:30:54] [Server thread/WARN]: [net.minecraft.world.entity.EntityType] Serialization errors:
: Failed to decode value '[0b,0,5b,-1b]' from field 'Motion': Input is not a list of 3 elements
[18:30:54] [Server thread/WARN]: [net.minecraft.world.entity.EntityType] Serialization errors:
: Failed to decode value '[0b,0,5b,1b]' from field 'Motion': Input is not a list of 3 elements
[18:30:54] [Server thread/WARN]: [net.minecraft.world.entity.EntityType] Serialization errors:
: Failed to decode value '[0b,0,5b,1b]' from field 'Motion': Input is not a list of 3 elements
[18:30:56] [Server thread/WARN]: [net.minecraft.world.entity.EntityType] Serialization errors:
: Failed to decode value '[0b,0,5b,-1b]' from field 'Motion': Input is not a list of 3 elements
[18:30:56] [Server thread/WARN]: [net.minecraft.world.entity.EntityType] Serialization errors:
: Failed to decode value '[0b,0,5b,-1b]' from field 'Motion': Input is not a list of 3 elements
[18:30:56] [Server thread/WARN]: [net.minecraft.world.entity.EntityType] Serialization errors:
: Failed to decode value '[0b,0,5b,-1b]' from field 'Motion': Input is not a list of 3 elements
[18:30:56] [Server thread/WARN]: [net.minecraft.world.entity.EntityType] Serialization errors:
: Failed to decode value '[0b,0,5b,1b]' from field 'Motion': Input is not a list of 3 elements
[18:30:56] [Server thread/WARN]: [net.minecraft.world.entity.EntityType] Serialization errors:
: Failed to decode value '[0b,0,5b,1b]' from field 'Motion': Input is not a list of 3 elements
[18:30:56] [Server thread/WARN]: [net.minecraft.world.entity.EntityType] Serialization errors:
: Failed to decode value '[0b,0,5b,1b]' from field 'Motion': Input is not a list of 3 elements
[18:30:56] [Server thread/WARN]: [net.minecraft.world.entity.EntityType] Serialization errors:
: Failed to decode value '[0b,0,5b,-1b]' from field 'Motion': Input is not a list of 3 elements
[18:30:56] [Server thread/WARN]: [net.minecraft.world.entity.EntityType] Serialization errors:
: Failed to decode value '[0b,0,5b,-1b]' from field 'Motion': Input is not a list of 3 elements
[18:30:56] [Server thread/WARN]: [net.minecraft.world.entity.EntityType] Serialization errors:
: Failed to decode value '[0b,0,5b,-1b]' from field 'Motion': Input is not a list of 3 elements
[18:30:56] [Server thread/WARN]: [net.minecraft.world.entity.EntityType] Serialization errors:
: Failed to decode value '[0b,0,5b,1b]' from field 'Motion': Input is not a list of 3 elements
[18:30:56] [Server thread/WARN]: [net.minecraft.world.entity.EntityType] Serialization errors:
: Failed to decode value '[0b,0,5b,1b]' from field 'Motion': Input is not a list of 3 elements
[18:30:56] [Server thread/WARN]: [net.minecraft.world.entity.EntityType] Serialization errors:
: Failed to decode value '[0b,0,5b,1b]' from field 'Motion': Input is not a list of 3 elements
[18:30:56] [Server thread/WARN]: [net.minecraft.world.entity.EntityType] Serialization errors:
: Failed to decode value '[0b,0,5b,-1b]' from field 'Motion': Input is not a list of 3 elements
[18:30:56] [Server thread/WARN]: [net.minecraft.world.entity.EntityType] Serialization errors:
: Failed to decode value '[0b,0,5b,-1b]' from field 'Motion': Input is not a list of 3 elements
[18:30:56] [Server thread/WARN]: [net.minecraft.world.entity.EntityType] Serialization errors:
: Failed to decode value '[0b,0,5b,-1b]' from field 'Motion': Input is not a list of 3 elements
[18:30:56] [Server thread/WARN]: [net.minecraft.world.entity.EntityType] Serialization errors:
: Failed to decode value '[0b,0,5b,1b]' from field 'Motion': Input is not a list of 3 elements
[18:30:56] [Server thread/WARN]: [net.minecraft.world.entity.EntityType] Serialization errors:
: Failed to decode value '[0b,0,5b,1b]' from field 'Motion': Input is not a list of 3 elements
[18:30:56] [Server thread/WARN]: [net.minecraft.world.entity.EntityType] Serialization errors:
: Failed to decode value '[0b,0,5b,1b]' from field 'Motion': Input is not a list of 3 elements
[18:30:56] [Server thread/WARN]: [net.minecraft.world.entity.EntityType] Serialization errors:
: Failed to decode value '[0b,0,5b,-1b]' from field 'Motion': Input is not a list of 3 elements
[18:30:56] [Server thread/WARN]: [net.minecraft.world.entity.EntityType] Serialization errors:
: Failed to decode value '[0b,0,5b,-1b]' from field 'Motion': Input is not a list of 3 elements
[18:30:56] [Server thread/WARN]: [net.minecraft.world.entity.EntityType] Serialization errors:
: Failed to decode value '[0b,0,5b,1b]' from field 'Motion': Input is not a list of 3 elements
[18:30:56] [Server thread/WARN]: [net.minecraft.world.entity.EntityType] Serialization errors:
: Failed to decode value '[0b,0,5b,1b]' from field 'Motion': Input is not a list of 3 elements
[18:30:56] [Server thread/WARN]: [net.minecraft.world.entity.EntityType] Serialization errors:
: Failed to decode value '[0b,0,5b,-1b]' from field 'Motion': Input is not a list of 3 elements
[18:30:56] [Server thread/WARN]: [net.minecraft.world.entity.EntityType] Serialization errors:
: Failed to decode value '[0b,0,5b,-1b]' from field 'Motion': Input is not a list of 3 elements
[18:30:56] [Server thread/WARN]: [net.minecraft.world.entity.EntityType] Serialization errors:
: Failed to decode value '[0b,0,5b,1b]' from field 'Motion': Input is not a list of 3 elements
[18:30:56] [Server thread/WARN]: [net.minecraft.world.entity.EntityType] Serialization errors:
: Failed to decode value '[0b,0,5b,1b]' from field 'Motion': Input is not a list of 3 elements
[18:30:56] [Server thread/WARN]: [net.minecraft.world.entity.EntityType] Serialization errors:
: Failed to decode value '[0b,0,5b,-1b]' from field 'Motion': Input is not a list of 3 elements
[18:30:56] [Server thread/WARN]: [net.minecraft.world.entity.EntityType] Serialization errors:
: Failed to decode value '[0b,0,5b,1b]' from field 'Motion': Input is not a list of 3 elements
[18:31:05] [Server thread/WARN]: [net.minecraft.world.entity.EntityType] Serialization errors:
: Failed to decode value '[0b,0,5b,-1b]' from field 'Motion': Input is not a list of 3 elements
[18:31:05] [Server thread/WARN]: [net.minecraft.world.entity.EntityType] Serialization errors:
: Failed to decode value '[0b,0,5b,-1b]' from field 'Motion': Input is not a list of 3 elements
[18:31:05] [Server thread/WARN]: [net.minecraft.world.entity.EntityType] Serialization errors:
: Failed to decode value '[0b,0,5b,-1b]' from field 'Motion': Input is not a list of 3 elements
[18:31:05] [Server thread/WARN]: [net.minecraft.world.entity.EntityType] Serialization errors:
: Failed to decode value '[0b,0,5b,1b]' from field 'Motion': Input is not a list of 3 elements
[18:31:05] [Server thread/WARN]: [net.minecraft.world.entity.EntityType] Serialization errors:
: Failed to decode value '[0b,0,5b,1b]' from field 'Motion': Input is not a list of 3 elements
[18:31:05] [Server thread/WARN]: [net.minecraft.world.entity.EntityType] Serialization errors:
: Failed to decode value '[0b,0,5b,1b]' from field 'Motion': Input is not a list of 3 elements
[18:31:05] [Server thread/WARN]: [net.minecraft.world.entity.EntityType] Serialization errors:
: Failed to decode value '[0b,0,5b,-1b]' from field 'Motion': Input is not a list of 3 elements
[18:31:05] [Server thread/WARN]: [net.minecraft.world.entity.EntityType] Serialization errors:
: Failed to decode value '[0b,0,5b,-1b]' from field 'Motion': Input is not a list of 3 elements
[18:31:05] [Server thread/WARN]: [net.minecraft.world.entity.EntityType] Serialization errors:
: Failed to decode value '[0b,0,5b,-1b]' from field 'Motion': Input is not a list of 3 elements
[18:31:05] [Server thread/WARN]: [net.minecraft.world.entity.EntityType] Serialization errors:
: Failed to decode value '[0b,0,5b,1b]' from field 'Motion': Input is not a list of 3 elements
[18:31:05] [Server thread/WARN]: [net.minecraft.world.entity.EntityType] Serialization errors:
: Failed to decode value '[0b,0,5b,1b]' from field 'Motion': Input is not a list of 3 elements
[18:31:05] [Server thread/WARN]: [net.minecraft.world.entity.EntityType] Serialization errors:
: Failed to decode value '[0b,0,5b,1b]' from field 'Motion': Input is not a list of 3 elements
[18:31:05] [Server thread/WARN]: [net.minecraft.world.entity.EntityType] Serialization errors:
: Failed to decode value '[0b,0,5b,-1b]' from field 'Motion': Input is not a list of 3 elements
[18:31:05] [Server thread/WARN]: [net.minecraft.world.entity.EntityType] Serialization errors:
: Failed to decode value '[0b,0,5b,-1b]' from field 'Motion': Input is not a list of 3 elements
[18:31:05] [Server thread/WARN]: [net.minecraft.world.entity.EntityType] Serialization errors:
: Failed to decode value '[0b,0,5b,1b]' from field 'Motion': Input is not a list of 3 elements
[18:31:05] [Server thread/WARN]: [net.minecraft.world.entity.EntityType] Serialization errors:
: Failed to decode value '[0b,0,5b,1b]' from field 'Motion': Input is not a list of 3 elements
[18:31:05] [Server thread/WARN]: [net.minecraft.world.entity.EntityType] Serialization errors:
: Failed to decode value '[0b,0,5b,-1b]' from field 'Motion': Input is not a list of 3 elements
[18:31:05] [Server thread/WARN]: [net.minecraft.world.entity.EntityType] Serialization errors:
: Failed to decode value '[0b,0,5b,1b]' from field 'Motion': Input is not a list of 3 elements
[18:31:07] [Server thread/WARN]: [net.minecraft.world.entity.EntityType] Serialization errors:
: Failed to decode value '[0b,0,5b,-1b]' from field 'Motion': Input is not a list of 3 elements
[18:31:07] [Server thread/WARN]: [net.minecraft.world.entity.EntityType] Serialization errors:
: Failed to decode value '[0b,0,5b,-1b]' from field 'Motion': Input is not a list of 3 elements
[18:31:07] [Server thread/WARN]: [net.minecraft.world.entity.EntityType] Serialization errors:
: Failed to decode value '[0b,0,5b,-1b]' from field 'Motion': Input is not a list of 3 elements
[18:31:07] [Server thread/WARN]: [net.minecraft.world.entity.EntityType] Serialization errors:
: Failed to decode value '[0b,0,5b,1b]' from field 'Motion': Input is not a list of 3 elements
[18:31:07] [Server thread/WARN]: [net.minecraft.world.entity.EntityType] Serialization errors:
: Failed to decode value '[0b,0,5b,1b]' from field 'Motion': Input is not a list of 3 elements
[18:31:07] [Server thread/WARN]: [net.minecraft.world.entity.EntityType] Serialization errors:
: Failed to decode value '[0b,0,5b,1b]' from field 'Motion': Input is not a list of 3 elements
[18:31:07] [Server thread/WARN]: [net.minecraft.world.entity.EntityType] Serialization errors:
: Failed to decode value '[0b,0,5b,-1b]' from field 'Motion': Input is not a list of 3 elements
[18:31:07] [Server thread/WARN]: [net.minecraft.world.entity.EntityType] Serialization errors:
: Failed to decode value '[0b,0,5b,-1b]' from field 'Motion': Input is not a list of 3 elements
[18:31:07] [Server thread/WARN]: [net.minecraft.world.entity.EntityType] Serialization errors:
: Failed to decode value '[0b,0,5b,-1b]' from field 'Motion': Input is not a list of 3 elements
[18:31:07] [Server thread/WARN]: [net.minecraft.world.entity.EntityType] Serialization errors:
: Failed to decode value '[0b,0,5b,1b]' from field 'Motion': Input is not a list of 3 elements
[18:31:07] [Server thread/WARN]: [net.minecraft.world.entity.EntityType] Serialization errors:
: Failed to decode value '[0b,0,5b,1b]' from field 'Motion': Input is not a list of 3 elements
[18:31:07] [Server thread/WARN]: [net.minecraft.world.entity.EntityType] Serialization errors:
: Failed to decode value '[0b,0,5b,1b]' from field 'Motion': Input is not a list of 3 elements
[18:31:09] [Server thread/WARN]: [net.minecraft.world.entity.EntityType] Serialization errors:
: Failed to decode value '[0b,0,5b,-1b]' from field 'Motion': Input is not a list of 3 elements
[18:31:09] [Server thread/WARN]: [net.minecraft.world.entity.EntityType] Serialization errors:
: Failed to decode value '[0b,0,5b,-1b]' from field 'Motion': Input is not a list of 3 elements
[18:31:09] [Server thread/WARN]: [net.minecraft.world.entity.EntityType] Serialization errors:
: Failed to decode value '[0b,0,5b,-1b]' from field 'Motion': Input is not a list of 3 elements
[18:31:09] [Server thread/WARN]: [net.minecraft.world.entity.EntityType] Serialization errors:
: Failed to decode value '[0b,0,5b,1b]' from field 'Motion': Input is not a list of 3 elements
[18:31:09] [Server thread/WARN]: [net.minecraft.world.entity.EntityType] Serialization errors:
: Failed to decode value '[0b,0,5b,1b]' from field 'Motion': Input is not a list of 3 elements
[18:31:09] [Server thread/WARN]: [net.minecraft.world.entity.EntityType] Serialization errors:
: Failed to decode value '[0b,0,5b,1b]' from field 'Motion': Input is not a list of 3 elements
[18:31:09] [Server thread/WARN]: [net.minecraft.world.entity.EntityType] Serialization errors:
: Failed to decode value '[0b,0,5b,-1b]' from field 'Motion': Input is not a list of 3 elements
[18:31:09] [Server thread/WARN]: [net.minecraft.world.entity.EntityType] Serialization errors:
: Failed to decode value '[0b,0,5b,-1b]' from field 'Motion': Input is not a list of 3 elements
[18:31:09] [Server thread/WARN]: [net.minecraft.world.entity.EntityType] Serialization errors:
: Failed to decode value '[0b,0,5b,-1b]' from field 'Motion': Input is not a list of 3 elements
[18:31:09] [Server thread/WARN]: [net.minecraft.world.entity.EntityType] Serialization errors:
: Failed to decode value '[0b,0,5b,1b]' from field 'Motion': Input is not a list of 3 elements
[18:31:09] [Server thread/WARN]: [net.minecraft.world.entity.EntityType] Serialization errors:
: Failed to decode value '[0b,0,5b,1b]' from field 'Motion': Input is not a list of 3 elements
[18:31:09] [Server thread/WARN]: [net.minecraft.world.entity.EntityType] Serialization errors:
: Failed to decode value '[0b,0,5b,1b]' from field 'Motion': Input is not a list of 3 elements
[18:31:09] [Server thread/WARN]: [net.minecraft.world.entity.EntityType] Serialization errors:
: Failed to decode value '[0b,0,5b,-1b]' from field 'Motion': Input is not a list of 3 elements
[18:31:09] [Server thread/WARN]: [net.minecraft.world.entity.EntityType] Serialization errors:
: Failed to decode value '[0b,0,5b,1b]' from field 'Motion': Input is not a list of 3 elements
[18:31:09] [Server thread/WARN]: [net.minecraft.world.entity.EntityType] Serialization errors:
: Failed to decode value '[0b,0,5b,-1b]' from field 'Motion': Input is not a list of 3 elements
[18:31:09] [Server thread/WARN]: [net.minecraft.world.entity.EntityType] Serialization errors:
: Failed to decode value '[0b,0,5b,1b]' from field 'Motion': Input is not a list of 3 elements
[18:31:10] [Server thread/WARN]: [net.minecraft.world.entity.EntityType] Serialization errors:
: Failed to decode value '[0b,0,5b,-1b]' from field 'Motion': Input is not a list of 3 elements
[18:31:10] [Server thread/WARN]: [net.minecraft.world.entity.EntityType] Serialization errors:
: Failed to decode value '[0b,0,5b,-1b]' from field 'Motion': Input is not a list of 3 elements
[18:31:10] [Server thread/WARN]: [net.minecraft.world.entity.EntityType] Serialization errors:
: Failed to decode value '[0b,0,5b,-1b]' from field 'Motion': Input is not a list of 3 elements
[18:31:10] [Server thread/WARN]: [net.minecraft.world.entity.EntityType] Serialization errors:
: Failed to decode value '[0b,0,5b,1b]' from field 'Motion': Input is not a list of 3 elements
[18:31:10] [Server thread/WARN]: [net.minecraft.world.entity.EntityType] Serialization errors:
: Failed to decode value '[0b,0,5b,1b]' from field 'Motion': Input is not a list of 3 elements
[18:31:10] [Server thread/WARN]: [net.minecraft.world.entity.EntityType] Serialization errors:
: Failed to decode value '[0b,0,5b,1b]' from field 'Motion': Input is not a list of 3 elements
[18:31:10] [Server thread/WARN]: [net.minecraft.world.entity.EntityType] Serialization errors:
: Failed to decode value '[0b,0,5b,-1b]' from field 'Motion': Input is not a list of 3 elements
[18:31:10] [Server thread/WARN]: [net.minecraft.world.entity.EntityType] Serialization errors:
: Failed to decode value '[0b,0,5b,-1b]' from field 'Motion': Input is not a list of 3 elements
[18:31:10] [Server thread/WARN]: [net.minecraft.world.entity.EntityType] Serialization errors:
: Failed to decode value '[0b,0,5b,-1b]' from field 'Motion': Input is not a list of 3 elements
[18:31:10] [Server thread/WARN]: [net.minecraft.world.entity.EntityType] Serialization errors:
: Failed to decode value '[0b,0,5b,1b]' from field 'Motion': Input is not a list of 3 elements
[18:31:10] [Server thread/WARN]: [net.minecraft.world.entity.EntityType] Serialization errors:
: Failed to decode value '[0b,0,5b,1b]' from field 'Motion': Input is not a list of 3 elements
[18:31:10] [Server thread/WARN]: [net.minecraft.world.entity.EntityType] Serialization errors:
: Failed to decode value '[0b,0,5b,1b]' from field 'Motion': Input is not a list of 3 elements
[18:31:11] [Server thread/WARN]: [net.minecraft.world.entity.EntityType] Serialization errors:
: Failed to decode value '[0b,0,5b,-1b]' from field 'Motion': Input is not a list of 3 elements
[18:31:11] [Server thread/WARN]: [net.minecraft.world.entity.EntityType] Serialization errors:
: Failed to decode value '[0b,0,5b,1b]' from field 'Motion': Input is not a list of 3 elements
[18:31:11] [Server thread/WARN]: [net.minecraft.world.entity.EntityType] Serialization errors:
: Failed to decode value '[0b,0,5b,-1b]' from field 'Motion': Input is not a list of 3 elements
[18:31:11] [Server thread/WARN]: [net.minecraft.world.entity.EntityType] Serialization errors:
: Failed to decode value '[0b,0,5b,1b]' from field 'Motion': Input is not a list of 3 elements
[18:32:57] [Async Chat Thread - #31/INFO]: [Not Secure] <volcon2> estos esclavos
[18:34:04] [Async Chat Thread - #33/INFO]: [Not Secure] <volcon2> que hueva
[18:34:56] [Server thread/INFO]: volcon2 lost connection: Disconnected
[18:34:56] [Server thread/INFO]: [Volcanos] volcon2 left the game
[18:35:49] [User Authenticator #5/INFO]: UUID of player volcon2 is 9c42fa87-f091-3883-9bf4-db229d9050dc
[18:35:53] [Server thread/INFO]: [Volcanos] volcon2 joined the game
[18:35:53] [Server thread/INFO]: volcon2[/127.78.109.241:56175] logged in with entity id 30695 at ([minecraft:overworld]-18984.69999998808, 51.0, 4737.699999988079)
[18:35:58] [Async Chat Thread - #35/INFO]: [Not Secure] <volcon2> ewy
[18:36:00] [Async Chat Thread - #35/INFO]: [Not Secure] <volcon2> estare afk
[18:36:12] [Async Chat Thread - #35/INFO]: [Not Secure] <Xautral> oye carnal
[18:36:13] [Async Chat Thread - #35/INFO]: [Not Secure] <Xautral> en buen pedo
[18:36:15] [Async Chat Thread - #35/INFO]: [Not Secure] <Xautral> como sabes mi nombre
[18:36:26] [Async Chat Thread - #35/INFO]: [Not Secure] <volcon2> que?
[18:36:45] [Server thread/INFO]: Xautral issued server command: /scoreboard objectives setdisplay sidebar imnune
[18:37:22] [Async Chat Thread - #35/INFO]: [Not Secure] <Xautral> listo
[18:37:24] [Server thread/INFO]: Xautral issued server command: /tp volcon2
[18:37:24] [Server thread/INFO]: [Xautral: Teleported Xautral to [Volcanos] volcon2]
[18:37:28] [Server thread/INFO]: [Xautral: Set own game mode to Spectator Mode]
[18:37:30] [Server thread/INFO]: [Xautral: Set own game mode to Creative Mode]
[18:37:48] [Server thread/INFO]: Xautral issued server command: /tp 0 0 0
[18:37:48] [Server thread/INFO]: [Xautral: Teleported Xautral to 0.500000, 0.000000, 0.500000]
[18:37:50] [Server thread/INFO]: Villager Villager['Villager'/31590, uuid='741bda7c-fd9c-4af0-ba9a-200c954c452a', l='ServerLevel[world]', x=-2375.43, y=31.15, z=568.27, cpos=[-149, 35], tl=188, v=true] died, message: 'Villager tried to swim in lava'
[18:38:24] [Server thread/INFO]: Xautral issued server command: /summon minecraft:iron_golem
[18:38:24] [Server thread/INFO]: [Xautral: Summoned new Iron Golem]
[18:39:54] [Server thread/INFO]: Xautral issued server command: /summon minecraft:iron_golem
[18:39:54] [Server thread/INFO]: [Xautral: Summoned new Iron Golem]
[18:40:50] [Server thread/WARN]: [net.minecraft.world.entity.EntityType] Serialization errors:
: Failed to decode value '[0b,0,5b,1b]' from field 'Motion': Input is not a list of 3 elements
[18:40:53] [Server thread/WARN]: [net.minecraft.world.entity.EntityType] Serialization errors:
: Failed to decode value '[0b,0,5b,1b]' from field 'Motion': Input is not a list of 3 elements
[18:40:56] [Server thread/WARN]: [net.minecraft.world.entity.EntityType] Serialization errors:
: Failed to decode value '[0b,0,5b,1b]' from field 'Motion': Input is not a list of 3 elements
[18:40:57] [Server thread/INFO]: Xautral issued server command: /summon minecraft:iron_golem
[18:40:57] [Server thread/INFO]: [Xautral: Summoned new Iron Golem]
[18:40:59] [Server thread/WARN]: [net.minecraft.world.entity.EntityType] Serialization errors:
: Failed to decode value '[0b,0,5b,1b]' from field 'Motion': Input is not a list of 3 elements
[18:41:01] [Server thread/WARN]: [net.minecraft.world.entity.EntityType] Serialization errors:
: Failed to decode value '[0b,0,5b,1b]' from field 'Motion': Input is not a list of 3 elements
[18:41:02] [Server thread/WARN]: [net.minecraft.world.entity.EntityType] Serialization errors:
: Failed to decode value '[0b,0,5b,1b]' from field 'Motion': Input is not a list of 3 elements
[18:41:02] [Server thread/WARN]: [net.minecraft.world.entity.EntityType] Serialization errors:
: Failed to decode value '[0b,0,5b,1b]' from field 'Motion': Input is not a list of 3 elements
[18:41:02] [Server thread/WARN]: [net.minecraft.world.entity.EntityType] Serialization errors:
: Failed to decode value '[0b,0,5b,1b]' from field 'Motion': Input is not a list of 3 elements
[18:41:02] [Server thread/WARN]: [net.minecraft.world.entity.EntityType] Serialization errors:
: Failed to decode value '[0b,0,5b,1b]' from field 'Motion': Input is not a list of 3 elements
[18:41:02] [Server thread/WARN]: [net.minecraft.world.entity.EntityType] Serialization errors:
: Failed to decode value '[0b,0,5b,1b]' from field 'Motion': Input is not a list of 3 elements
[18:41:02] [Server thread/WARN]: [net.minecraft.world.entity.EntityType] Serialization errors:
: Failed to decode value '[0b,0,5b,1b]' from field 'Motion': Input is not a list of 3 elements
[18:41:02] [Server thread/WARN]: [net.minecraft.world.entity.EntityType] Serialization errors:
: Failed to decode value '[0b,0,5b,1b]' from field 'Motion': Input is not a list of 3 elements
[18:41:02] [Server thread/WARN]: [net.minecraft.world.entity.EntityType] Serialization errors:
: Failed to decode value '[0b,0,5b,1b]' from field 'Motion': Input is not a list of 3 elements
[18:41:02] [Server thread/WARN]: [net.minecraft.world.entity.EntityType] Serialization errors:
: Failed to decode value '[0b,0,5b,1b]' from field 'Motion': Input is not a list of 3 elements
[18:41:02] [Server thread/WARN]: [net.minecraft.world.entity.EntityType] Serialization errors:
: Failed to decode value '[0b,0,5b,1b]' from field 'Motion': Input is not a list of 3 elements
[18:41:02] [Server thread/WARN]: [net.minecraft.world.entity.EntityType] Serialization errors:
: Failed to decode value '[0b,0,5b,1b]' from field 'Motion': Input is not a list of 3 elements
[18:41:02] [Server thread/WARN]: [net.minecraft.world.entity.EntityType] Serialization errors:
: Failed to decode value '[0b,0,5b,1b]' from field 'Motion': Input is not a list of 3 elements
[18:41:06] [Server thread/WARN]: [net.minecraft.world.entity.EntityType] Serialization errors:
: Failed to decode value '[0b,0,5b,1b]' from field 'Motion': Input is not a list of 3 elements
[18:41:06] [Server thread/WARN]: [net.minecraft.world.entity.EntityType] Serialization errors:
: Failed to decode value '[0b,0,5b,1b]' from field 'Motion': Input is not a list of 3 elements
[18:41:06] [Server thread/WARN]: [net.minecraft.world.entity.EntityType] Serialization errors:
: Failed to decode value '[0b,0,5b,1b]' from field 'Motion': Input is not a list of 3 elements
[18:41:13] [Server thread/WARN]: [net.minecraft.world.entity.EntityType] Serialization errors:
: Failed to decode value '[0b,0,5b,1b]' from field 'Motion': Input is not a list of 3 elements
[18:41:13] [Server thread/WARN]: [net.minecraft.world.entity.EntityType] Serialization errors:
: Failed to decode value '[0b,0,5b,1b]' from field 'Motion': Input is not a list of 3 elements
[18:41:15] [Server thread/WARN]: [net.minecraft.world.entity.EntityType] Serialization errors:
: Failed to decode value '[0b,0,5b,1b]' from field 'Motion': Input is not a list of 3 elements
[18:42:13] [Server thread/WARN]: [net.minecraft.world.entity.EntityType] Serialization errors:
: Failed to decode value '[0b,0,5b,1b]' from field 'Motion': Input is not a list of 3 elements
[18:42:13] [Server thread/WARN]: [net.minecraft.world.entity.EntityType] Serialization errors:
: Failed to decode value '[1b,0,5b,0b]' from field 'Motion': Input is not a list of 3 elements
[18:42:13] [Server thread/WARN]: [net.minecraft.world.entity.EntityType] Serialization errors:
: Failed to decode value '[-1b,0,5b,0b]' from field 'Motion': Input is not a list of 3 elements
[18:42:13] [Server thread/WARN]: [net.minecraft.world.entity.EntityType] Serialization errors:
: Failed to decode value '[0b,0,5b,1b]' from field 'Motion': Input is not a list of 3 elements
[18:42:13] [Server thread/WARN]: [net.minecraft.world.entity.EntityType] Serialization errors:
: Failed to decode value '[1b,0,5b,0b]' from field 'Motion': Input is not a list of 3 elements
[18:42:13] [Server thread/WARN]: [net.minecraft.world.entity.EntityType] Serialization errors:
: Failed to decode value '[-1b,0,5b,0b]' from field 'Motion': Input is not a list of 3 elements
[18:42:15] [Server thread/WARN]: [net.minecraft.world.entity.EntityType] Serialization errors:
: Failed to decode value '[0b,0,5b,1b]' from field 'Motion': Input is not a list of 3 elements
[18:42:15] [Server thread/WARN]: [net.minecraft.world.entity.EntityType] Serialization errors:
: Failed to decode value '[1b,0,5b,0b]' from field 'Motion': Input is not a list of 3 elements
[18:42:15] [Server thread/WARN]: [net.minecraft.world.entity.EntityType] Serialization errors:
: Failed to decode value '[-1b,0,5b,0b]' from field 'Motion': Input is not a list of 3 elements
[18:42:17] [Server thread/WARN]: [net.minecraft.world.entity.EntityType] Serialization errors:
: Failed to decode value '[0b,0,5b,1b]' from field 'Motion': Input is not a list of 3 elements
[18:42:17] [Server thread/WARN]: [net.minecraft.world.entity.EntityType] Serialization errors:
: Failed to decode value '[1b,0,5b,0b]' from field 'Motion': Input is not a list of 3 elements
[18:42:17] [Server thread/WARN]: [net.minecraft.world.entity.EntityType] Serialization errors:
: Failed to decode value '[-1b,0,5b,0b]' from field 'Motion': Input is not a list of 3 elements
[18:42:20] [Server thread/WARN]: [net.minecraft.world.entity.EntityType] Serialization errors:
: Failed to decode value '[0b,0,5b,1b]' from field 'Motion': Input is not a list of 3 elements
[18:42:20] [Server thread/WARN]: [net.minecraft.world.entity.EntityType] Serialization errors:
: Failed to decode value '[1b,0,5b,0b]' from field 'Motion': Input is not a list of 3 elements
[18:42:20] [Server thread/WARN]: [net.minecraft.world.entity.EntityType] Serialization errors:
: Failed to decode value '[-1b,0,5b,0b]' from field 'Motion': Input is not a list of 3 elements
[18:42:29] [Server thread/WARN]: [net.minecraft.world.entity.EntityType] Serialization errors:
: Failed to decode value '[0b,0,5b,1b]' from field 'Motion': Input is not a list of 3 elements
[18:42:29] [Server thread/WARN]: [net.minecraft.world.entity.EntityType] Serialization errors:
: Failed to decode value '[1b,0,5b,0b]' from field 'Motion': Input is not a list of 3 elements
[18:42:29] [Server thread/WARN]: [net.minecraft.world.entity.EntityType] Serialization errors:
: Failed to decode value '[-1b,0,5b,0b]' from field 'Motion': Input is not a list of 3 elements
[18:42:35] [Server thread/WARN]: [net.minecraft.world.entity.EntityType] Serialization errors:
: Failed to decode value '[0b,0,5b,1b]' from field 'Motion': Input is not a list of 3 elements
[18:42:35] [Server thread/WARN]: [net.minecraft.world.entity.EntityType] Serialization errors:
: Failed to decode value '[1b,0,5b,0b]' from field 'Motion': Input is not a list of 3 elements
[18:42:35] [Server thread/WARN]: [net.minecraft.world.entity.EntityType] Serialization errors:
: Failed to decode value '[-1b,0,5b,0b]' from field 'Motion': Input is not a list of 3 elements
[18:42:35] [Server thread/WARN]: [net.minecraft.world.entity.EntityType] Serialization errors:
: Failed to decode value '[0b,0,5b,1b]' from field 'Motion': Input is not a list of 3 elements
[18:42:35] [Server thread/WARN]: [net.minecraft.world.entity.EntityType] Serialization errors:
: Failed to decode value '[1b,0,5b,0b]' from field 'Motion': Input is not a list of 3 elements
[18:42:35] [Server thread/WARN]: [net.minecraft.world.entity.EntityType] Serialization errors:
: Failed to decode value '[-1b,0,5b,0b]' from field 'Motion': Input is not a list of 3 elements
[18:42:37] [Server thread/WARN]: [net.minecraft.world.entity.EntityType] Serialization errors:
: Failed to decode value '[0b,0,5b,1b]' from field 'Motion': Input is not a list of 3 elements
[18:42:37] [Server thread/WARN]: [net.minecraft.world.entity.EntityType] Serialization errors:
: Failed to decode value '[1b,0,5b,0b]' from field 'Motion': Input is not a list of 3 elements
[18:42:37] [Server thread/WARN]: [net.minecraft.world.entity.EntityType] Serialization errors:
: Failed to decode value '[-1b,0,5b,0b]' from field 'Motion': Input is not a list of 3 elements
[18:42:37] [Server thread/WARN]: [net.minecraft.world.entity.EntityType] Serialization errors:
: Failed to decode value '[0b,0,5b,1b]' from field 'Motion': Input is not a list of 3 elements
[18:42:37] [Server thread/WARN]: [net.minecraft.world.entity.EntityType] Serialization errors:
: Failed to decode value '[1b,0,5b,0b]' from field 'Motion': Input is not a list of 3 elements
[18:42:37] [Server thread/WARN]: [net.minecraft.world.entity.EntityType] Serialization errors:
: Failed to decode value '[-1b,0,5b,0b]' from field 'Motion': Input is not a list of 3 elements
[18:42:37] [Server thread/WARN]: [net.minecraft.world.entity.EntityType] Serialization errors:
: Failed to decode value '[0b,0,5b,1b]' from field 'Motion': Input is not a list of 3 elements
[18:42:37] [Server thread/WARN]: [net.minecraft.world.entity.EntityType] Serialization errors:
: Failed to decode value '[1b,0,5b,0b]' from field 'Motion': Input is not a list of 3 elements
[18:42:37] [Server thread/WARN]: [net.minecraft.world.entity.EntityType] Serialization errors:
: Failed to decode value '[-1b,0,5b,0b]' from field 'Motion': Input is not a list of 3 elements
[18:42:37] [Server thread/WARN]: [net.minecraft.world.entity.EntityType] Serialization errors:
: Failed to decode value '[0b,0,5b,1b]' from field 'Motion': Input is not a list of 3 elements
[18:42:37] [Server thread/WARN]: [net.minecraft.world.entity.EntityType] Serialization errors:
: Failed to decode value '[1b,0,5b,0b]' from field 'Motion': Input is not a list of 3 elements
[18:42:37] [Server thread/WARN]: [net.minecraft.world.entity.EntityType] Serialization errors:
: Failed to decode value '[-1b,0,5b,0b]' from field 'Motion': Input is not a list of 3 elements
[18:43:05] [Server thread/WARN]: [net.minecraft.world.entity.EntityType] Serialization errors:
: Failed to decode value '[0b,0,5b,1b]' from field 'Motion': Input is not a list of 3 elements
[18:43:05] [Server thread/WARN]: [net.minecraft.world.entity.EntityType] Serialization errors:
: Failed to decode value '[1b,0,5b,0b]' from field 'Motion': Input is not a list of 3 elements
[18:43:05] [Server thread/WARN]: [net.minecraft.world.entity.EntityType] Serialization errors:
: Failed to decode value '[-1b,0,5b,0b]' from field 'Motion': Input is not a list of 3 elements
[18:43:05] [Server thread/WARN]: [net.minecraft.world.entity.EntityType] Serialization errors:
: Failed to decode value '[0b,0,5b,1b]' from field 'Motion': Input is not a list of 3 elements
[18:43:05] [Server thread/WARN]: [net.minecraft.world.entity.EntityType] Serialization errors:
: Failed to decode value '[1b,0,5b,0b]' from field 'Motion': Input is not a list of 3 elements
[18:43:05] [Server thread/WARN]: [net.minecraft.world.entity.EntityType] Serialization errors:
: Failed to decode value '[-1b,0,5b,0b]' from field 'Motion': Input is not a list of 3 elements
[18:43:05] [Server thread/WARN]: [net.minecraft.world.entity.EntityType] Serialization errors:
: Failed to decode value '[0b,0,5b,1b]' from field 'Motion': Input is not a list of 3 elements
[18:43:05] [Server thread/WARN]: [net.minecraft.world.entity.EntityType] Serialization errors:
: Failed to decode value '[1b,0,5b,0b]' from field 'Motion': Input is not a list of 3 elements
[18:43:05] [Server thread/WARN]: [net.minecraft.world.entity.EntityType] Serialization errors:
: Failed to decode value '[-1b,0,5b,0b]' from field 'Motion': Input is not a list of 3 elements
[18:43:05] [Server thread/WARN]: [net.minecraft.world.entity.EntityType] Serialization errors:
: Failed to decode value '[0b,0,5b,1b]' from field 'Motion': Input is not a list of 3 elements
[18:43:05] [Server thread/WARN]: [net.minecraft.world.entity.EntityType] Serialization errors:
: Failed to decode value '[1b,0,5b,0b]' from field 'Motion': Input is not a list of 3 elements
[18:43:05] [Server thread/WARN]: [net.minecraft.world.entity.EntityType] Serialization errors:
: Failed to decode value '[-1b,0,5b,0b]' from field 'Motion': Input is not a list of 3 elements
[18:43:05] [Server thread/WARN]: [net.minecraft.world.entity.EntityType] Serialization errors:
: Failed to decode value '[0b,0,5b,1b]' from field 'Motion': Input is not a list of 3 elements
[18:43:05] [Server thread/WARN]: [net.minecraft.world.entity.EntityType] Serialization errors:
: Failed to decode value '[1b,0,5b,0b]' from field 'Motion': Input is not a list of 3 elements
[18:43:05] [Server thread/WARN]: [net.minecraft.world.entity.EntityType] Serialization errors:
: Failed to decode value '[-1b,0,5b,0b]' from field 'Motion': Input is not a list of 3 elements
[18:43:05] [Server thread/WARN]: [net.minecraft.world.entity.EntityType] Serialization errors:
: Failed to decode value '[0b,0,5b,1b]' from field 'Motion': Input is not a list of 3 elements
[18:43:05] [Server thread/WARN]: [net.minecraft.world.entity.EntityType] Serialization errors:
: Failed to decode value '[1b,0,5b,0b]' from field 'Motion': Input is not a list of 3 elements
[18:43:05] [Server thread/WARN]: [net.minecraft.world.entity.EntityType] Serialization errors:
: Failed to decode value '[-1b,0,5b,0b]' from field 'Motion': Input is not a list of 3 elements
[18:43:05] [Server thread/WARN]: [net.minecraft.world.entity.EntityType] Serialization errors:
: Failed to decode value '[0b,0,5b,1b]' from field 'Motion': Input is not a list of 3 elements
[18:43:05] [Server thread/WARN]: [net.minecraft.world.entity.EntityType] Serialization errors:
: Failed to decode value '[1b,0,5b,0b]' from field 'Motion': Input is not a list of 3 elements
[18:43:05] [Server thread/WARN]: [net.minecraft.world.entity.EntityType] Serialization errors:
: Failed to decode value '[-1b,0,5b,0b]' from field 'Motion': Input is not a list of 3 elements
[18:43:05] [Server thread/WARN]: [net.minecraft.world.entity.EntityType] Serialization errors:
: Failed to decode value '[0b,0,5b,1b]' from field 'Motion': Input is not a list of 3 elements
[18:43:05] [Server thread/WARN]: [net.minecraft.world.entity.EntityType] Serialization errors:
: Failed to decode value '[1b,0,5b,0b]' from field 'Motion': Input is not a list of 3 elements
[18:43:05] [Server thread/WARN]: [net.minecraft.world.entity.EntityType] Serialization errors:
: Failed to decode value '[-1b,0,5b,0b]' from field 'Motion': Input is not a list of 3 elements
[18:43:05] [Server thread/WARN]: [net.minecraft.world.entity.EntityType] Serialization errors:
: Failed to decode value '[0b,0,5b,1b]' from field 'Motion': Input is not a list of 3 elements
[18:43:05] [Server thread/WARN]: [net.minecraft.world.entity.EntityType] Serialization errors:
: Failed to decode value '[1b,0,5b,0b]' from field 'Motion': Input is not a list of 3 elements
[18:43:05] [Server thread/WARN]: [net.minecraft.world.entity.EntityType] Serialization errors:
: Failed to decode value '[-1b,0,5b,0b]' from field 'Motion': Input is not a list of 3 elements
[18:43:13] [Server thread/WARN]: [net.minecraft.world.entity.EntityType] Serialization errors:
: Failed to decode value '[0b,0,5b,1b]' from field 'Motion': Input is not a list of 3 elements
[18:43:13] [Server thread/WARN]: [net.minecraft.world.entity.EntityType] Serialization errors:
: Failed to decode value '[1b,0,5b,0b]' from field 'Motion': Input is not a list of 3 elements
[18:43:13] [Server thread/WARN]: [net.minecraft.world.entity.EntityType] Serialization errors:
: Failed to decode value '[-1b,0,5b,0b]' from field 'Motion': Input is not a list of 3 elements
[18:43:13] [Server thread/WARN]: [net.minecraft.world.entity.EntityType] Serialization errors:
: Failed to decode value '[0b,0,5b,1b]' from field 'Motion': Input is not a list of 3 elements
[18:43:13] [Server thread/WARN]: [net.minecraft.world.entity.EntityType] Serialization errors:
: Failed to decode value '[1b,0,5b,0b]' from field 'Motion': Input is not a list of 3 elements
[18:43:13] [Server thread/WARN]: [net.minecraft.world.entity.EntityType] Serialization errors:
: Failed to decode value '[-1b,0,5b,0b]' from field 'Motion': Input is not a list of 3 elements
[18:43:14] [Server thread/WARN]: [net.minecraft.world.entity.EntityType] Serialization errors:
: Failed to decode value '[0b,0,5b,1b]' from field 'Motion': Input is not a list of 3 elements
[18:43:14] [Server thread/WARN]: [net.minecraft.world.entity.EntityType] Serialization errors:
: Failed to decode value '[1b,0,5b,0b]' from field 'Motion': Input is not a list of 3 elements
[18:43:14] [Server thread/WARN]: [net.minecraft.world.entity.EntityType] Serialization errors:
: Failed to decode value '[-1b,0,5b,0b]' from field 'Motion': Input is not a list of 3 elements
[18:43:14] [Server thread/WARN]: [net.minecraft.world.entity.EntityType] Serialization errors:
: Failed to decode value '[0b,0,5b,1b]' from field 'Motion': Input is not a list of 3 elements
[18:43:14] [Server thread/WARN]: [net.minecraft.world.entity.EntityType] Serialization errors:
: Failed to decode value '[1b,0,5b,0b]' from field 'Motion': Input is not a list of 3 elements
[18:43:14] [Server thread/WARN]: [net.minecraft.world.entity.EntityType] Serialization errors:
: Failed to decode value '[-1b,0,5b,0b]' from field 'Motion': Input is not a list of 3 elements
[18:43:15] [Server thread/WARN]: [net.minecraft.world.entity.EntityType] Serialization errors:
: Failed to decode value '[0b,0,5b,1b]' from field 'Motion': Input is not a list of 3 elements
[18:43:15] [Server thread/WARN]: [net.minecraft.world.entity.EntityType] Serialization errors:
: Failed to decode value '[1b,0,5b,0b]' from field 'Motion': Input is not a list of 3 elements
[18:43:15] [Server thread/WARN]: [net.minecraft.world.entity.EntityType] Serialization errors:
: Failed to decode value '[-1b,0,5b,0b]' from field 'Motion': Input is not a list of 3 elements
[18:43:28] [Server thread/INFO]: Xautral issued server command: /tp Slimegolembros
[18:43:28] [Server thread/INFO]: [Xautral: Teleported Xautral to Slimegolembros]
[18:43:31] [Server thread/WARN]: [net.minecraft.world.entity.EntityType] Serialization errors:
: Failed to decode value '[0b,0,5b,1b]' from field 'Motion': Input is not a list of 3 elements
[18:43:31] [Server thread/WARN]: [net.minecraft.world.entity.EntityType] Serialization errors:
: Failed to decode value '[1b,0,5b,0b]' from field 'Motion': Input is not a list of 3 elements
[18:43:31] [Server thread/WARN]: [net.minecraft.world.entity.EntityType] Serialization errors:
: Failed to decode value '[-1b,0,5b,0b]' from field 'Motion': Input is not a list of 3 elements
[18:43:31] [Server thread/WARN]: [net.minecraft.world.entity.EntityType] Serialization errors:
: Failed to decode value '[0b,0,5b,1b]' from field 'Motion': Input is not a list of 3 elements
[18:43:31] [Server thread/WARN]: [net.minecraft.world.entity.EntityType] Serialization errors:
: Failed to decode value '[1b,0,5b,0b]' from field 'Motion': Input is not a list of 3 elements
[18:43:31] [Server thread/WARN]: [net.minecraft.world.entity.EntityType] Serialization errors:
: Failed to decode value '[-1b,0,5b,0b]' from field 'Motion': Input is not a list of 3 elements
[18:43:31] [Server thread/WARN]: [net.minecraft.world.entity.EntityType] Serialization errors:
: Failed to decode value '[0b,0,5b,1b]' from field 'Motion': Input is not a list of 3 elements
[18:43:31] [Server thread/WARN]: [net.minecraft.world.entity.EntityType] Serialization errors:
: Failed to decode value '[1b,0,5b,0b]' from field 'Motion': Input is not a list of 3 elements
[18:43:31] [Server thread/WARN]: [net.minecraft.world.entity.EntityType] Serialization errors:
: Failed to decode value '[-1b,0,5b,0b]' from field 'Motion': Input is not a list of 3 elements
[18:43:31] [Server thread/WARN]: [net.minecraft.world.entity.EntityType] Serialization errors:
: Failed to decode value '[0b,0,5b,1b]' from field 'Motion': Input is not a list of 3 elements
[18:43:31] [Server thread/WARN]: [net.minecraft.world.entity.EntityType] Serialization errors:
: Failed to decode value '[1b,0,5b,0b]' from field 'Motion': Input is not a list of 3 elements
[18:43:31] [Server thread/WARN]: [net.minecraft.world.entity.EntityType] Serialization errors:
: Failed to decode value '[-1b,0,5b,0b]' from field 'Motion': Input is not a list of 3 elements
[18:43:31] [Server thread/WARN]: [net.minecraft.world.entity.EntityType] Serialization errors:
: Failed to decode value '[0b,0,5b,1b]' from field 'Motion': Input is not a list of 3 elements
[18:43:31] [Server thread/WARN]: [net.minecraft.world.entity.EntityType] Serialization errors:
: Failed to decode value '[1b,0,5b,0b]' from field 'Motion': Input is not a list of 3 elements
[18:43:31] [Server thread/WARN]: [net.minecraft.world.entity.EntityType] Serialization errors:
: Failed to decode value '[-1b,0,5b,0b]' from field 'Motion': Input is not a list of 3 elements
[18:43:31] [Server thread/WARN]: [net.minecraft.world.entity.EntityType] Serialization errors:
: Failed to decode value '[0b,0,5b,1b]' from field 'Motion': Input is not a list of 3 elements
[18:43:31] [Server thread/WARN]: [net.minecraft.world.entity.EntityType] Serialization errors:
: Failed to decode value '[1b,0,5b,0b]' from field 'Motion': Input is not a list of 3 elements
[18:43:31] [Server thread/WARN]: [net.minecraft.world.entity.EntityType] Serialization errors:
: Failed to decode value '[-1b,0,5b,0b]' from field 'Motion': Input is not a list of 3 elements
[18:43:31] [Server thread/WARN]: [net.minecraft.world.entity.EntityType] Serialization errors:
: Failed to decode value '[0b,0,5b,1b]' from field 'Motion': Input is not a list of 3 elements
[18:43:31] [Server thread/WARN]: [net.minecraft.world.entity.EntityType] Serialization errors:
: Failed to decode value '[1b,0,5b,0b]' from field 'Motion': Input is not a list of 3 elements
[18:43:31] [Server thread/WARN]: [net.minecraft.world.entity.EntityType] Serialization errors:
: Failed to decode value '[-1b,0,5b,0b]' from field 'Motion': Input is not a list of 3 elements
[18:43:31] [Server thread/WARN]: [net.minecraft.world.entity.EntityType] Serialization errors:
: Failed to decode value '[0b,0,5b,1b]' from field 'Motion': Input is not a list of 3 elements
[18:43:31] [Server thread/WARN]: [net.minecraft.world.entity.EntityType] Serialization errors:
: Failed to decode value '[1b,0,5b,0b]' from field 'Motion': Input is not a list of 3 elements
[18:43:31] [Server thread/WARN]: [net.minecraft.world.entity.EntityType] Serialization errors:
: Failed to decode value '[-1b,0,5b,0b]' from field 'Motion': Input is not a list of 3 elements
[18:43:31] [Server thread/WARN]: [net.minecraft.world.entity.EntityType] Serialization errors:
: Failed to decode value '[0b,0,5b,1b]' from field 'Motion': Input is not a list of 3 elements
[18:43:31] [Server thread/WARN]: [net.minecraft.world.entity.EntityType] Serialization errors:
: Failed to decode value '[1b,0,5b,0b]' from field 'Motion': Input is not a list of 3 elements
[18:43:31] [Server thread/WARN]: [net.minecraft.world.entity.EntityType] Serialization errors:
: Failed to decode value '[-1b,0,5b,0b]' from field 'Motion': Input is not a list of 3 elements
[18:43:31] [Server thread/WARN]: [net.minecraft.world.entity.EntityType] Serialization errors:
: Failed to decode value '[0b,0,5b,1b]' from field 'Motion': Input is not a list of 3 elements
[18:43:31] [Server thread/WARN]: [net.minecraft.world.entity.EntityType] Serialization errors:
: Failed to decode value '[1b,0,5b,0b]' from field 'Motion': Input is not a list of 3 elements
[18:43:31] [Server thread/WARN]: [net.minecraft.world.entity.EntityType] Serialization errors:
: Failed to decode value '[-1b,0,5b,0b]' from field 'Motion': Input is not a list of 3 elements
[18:43:31] [Server thread/WARN]: [net.minecraft.world.entity.EntityType] Serialization errors:
: Failed to decode value '[0b,0,5b,1b]' from field 'Motion': Input is not a list of 3 elements
[18:43:31] [Server thread/WARN]: [net.minecraft.world.entity.EntityType] Serialization errors:
: Failed to decode value '[1b,0,5b,0b]' from field 'Motion': Input is not a list of 3 elements
[18:43:31] [Server thread/WARN]: [net.minecraft.world.entity.EntityType] Serialization errors:
: Failed to decode value '[-1b,0,5b,0b]' from field 'Motion': Input is not a list of 3 elements
[18:43:31] [Server thread/WARN]: [net.minecraft.world.entity.EntityType] Serialization errors:
: Failed to decode value '[0b,0,5b,1b]' from field 'Motion': Input is not a list of 3 elements
[18:43:31] [Server thread/WARN]: [net.minecraft.world.entity.EntityType] Serialization errors:
: Failed to decode value '[1b,0,5b,0b]' from field 'Motion': Input is not a list of 3 elements
[18:43:31] [Server thread/WARN]: [net.minecraft.world.entity.EntityType] Serialization errors:
: Failed to decode value '[-1b,0,5b,0b]' from field 'Motion': Input is not a list of 3 elements
[18:43:31] [Server thread/WARN]: [net.minecraft.world.entity.EntityType] Serialization errors:
: Failed to decode value '[0b,0,5b,1b]' from field 'Motion': Input is not a list of 3 elements
[18:43:31] [Server thread/WARN]: [net.minecraft.world.entity.EntityType] Serialization errors:
: Failed to decode value '[1b,0,5b,0b]' from field 'Motion': Input is not a list of 3 elements
[18:43:31] [Server thread/WARN]: [net.minecraft.world.entity.EntityType] Serialization errors:
: Failed to decode value '[-1b,0,5b,0b]' from field 'Motion': Input is not a list of 3 elements
[18:43:31] [Server thread/WARN]: [net.minecraft.world.entity.EntityType] Serialization errors:
: Failed to decode value '[0b,0,5b,1b]' from field 'Motion': Input is not a list of 3 elements
[18:43:31] [Server thread/WARN]: [net.minecraft.world.entity.EntityType] Serialization errors:
: Failed to decode value '[1b,0,5b,0b]' from field 'Motion': Input is not a list of 3 elements
[18:43:31] [Server thread/WARN]: [net.minecraft.world.entity.EntityType] Serialization errors:
: Failed to decode value '[-1b,0,5b,0b]' from field 'Motion': Input is not a list of 3 elements
[18:43:33] [Server thread/WARN]: [net.minecraft.world.entity.EntityType] Serialization errors:
: Failed to decode value '[0b,0,5b,1b]' from field 'Motion': Input is not a list of 3 elements
[18:43:33] [Server thread/WARN]: [net.minecraft.world.entity.EntityType] Serialization errors:
: Failed to decode value '[1b,0,5b,0b]' from field 'Motion': Input is not a list of 3 elements
[18:43:33] [Server thread/WARN]: [net.minecraft.world.entity.EntityType] Serialization errors:
: Failed to decode value '[-1b,0,5b,0b]' from field 'Motion': Input is not a list of 3 elements
[18:43:33] [Server thread/WARN]: [net.minecraft.world.entity.EntityType] Serialization errors:
: Failed to decode value '[0b,0,5b,1b]' from field 'Motion': Input is not a list of 3 elements
[18:43:33] [Server thread/WARN]: [net.minecraft.world.entity.EntityType] Serialization errors:
: Failed to decode value '[1b,0,5b,0b]' from field 'Motion': Input is not a list of 3 elements
[18:43:33] [Server thread/WARN]: [net.minecraft.world.entity.EntityType] Serialization errors:
: Failed to decode value '[-1b,0,5b,0b]' from field 'Motion': Input is not a list of 3 elements
[18:43:33] [Server thread/WARN]: [net.minecraft.world.entity.EntityType] Serialization errors:
: Failed to decode value '[0b,0,5b,1b]' from field 'Motion': Input is not a list of 3 elements
[18:43:33] [Server thread/WARN]: [net.minecraft.world.entity.EntityType] Serialization errors:
: Failed to decode value '[1b,0,5b,0b]' from field 'Motion': Input is not a list of 3 elements
[18:43:33] [Server thread/WARN]: [net.minecraft.world.entity.EntityType] Serialization errors:
: Failed to decode value '[-1b,0,5b,0b]' from field 'Motion': Input is not a list of 3 elements
[18:43:33] [Server thread/WARN]: [net.minecraft.world.entity.EntityType] Serialization errors:
: Failed to decode value '[0b,0,5b,1b]' from field 'Motion': Input is not a list of 3 elements
[18:43:33] [Server thread/WARN]: [net.minecraft.world.entity.EntityType] Serialization errors:
: Failed to decode value '[1b,0,5b,0b]' from field 'Motion': Input is not a list of 3 elements
[18:43:33] [Server thread/WARN]: [net.minecraft.world.entity.EntityType] Serialization errors:
: Failed to decode value '[-1b,0,5b,0b]' from field 'Motion': Input is not a list of 3 elements
[18:43:33] [Server thread/WARN]: [net.minecraft.world.entity.EntityType] Serialization errors:
: Failed to decode value '[0b,0,5b,1b]' from field 'Motion': Input is not a list of 3 elements
[18:43:33] [Server thread/WARN]: [net.minecraft.world.entity.EntityType] Serialization errors:
: Failed to decode value '[1b,0,5b,0b]' from field 'Motion': Input is not a list of 3 elements
[18:43:33] [Server thread/WARN]: [net.minecraft.world.entity.EntityType] Serialization errors:
: Failed to decode value '[-1b,0,5b,0b]' from field 'Motion': Input is not a list of 3 elements
[18:43:33] [Server thread/WARN]: [net.minecraft.world.entity.EntityType] Serialization errors:
: Failed to decode value '[0b,0,5b,1b]' from field 'Motion': Input is not a list of 3 elements
[18:43:33] [Server thread/WARN]: [net.minecraft.world.entity.EntityType] Serialization errors:
: Failed to decode value '[1b,0,5b,0b]' from field 'Motion': Input is not a list of 3 elements
[18:43:33] [Server thread/WARN]: [net.minecraft.world.entity.EntityType] Serialization errors:
: Failed to decode value '[-1b,0,5b,0b]' from field 'Motion': Input is not a list of 3 elements
[18:43:33] [Server thread/WARN]: [net.minecraft.world.entity.EntityType] Serialization errors:
: Failed to decode value '[0b,0,5b,1b]' from field 'Motion': Input is not a list of 3 elements
[18:43:33] [Server thread/WARN]: [net.minecraft.world.entity.EntityType] Serialization errors:
: Failed to decode value '[1b,0,5b,0b]' from field 'Motion': Input is not a list of 3 elements
[18:43:33] [Server thread/WARN]: [net.minecraft.world.entity.EntityType] Serialization errors:
: Failed to decode value '[-1b,0,5b,0b]' from field 'Motion': Input is not a list of 3 elements
[18:43:33] [Server thread/WARN]: [net.minecraft.world.entity.EntityType] Serialization errors:
: Failed to decode value '[0b,0,5b,1b]' from field 'Motion': Input is not a list of 3 elements
[18:43:33] [Server thread/WARN]: [net.minecraft.world.entity.EntityType] Serialization errors:
: Failed to decode value '[1b,0,5b,0b]' from field 'Motion': Input is not a list of 3 elements
[18:43:33] [Server thread/WARN]: [net.minecraft.world.entity.EntityType] Serialization errors:
: Failed to decode value '[-1b,0,5b,0b]' from field 'Motion': Input is not a list of 3 elements
[18:43:33] [Server thread/WARN]: [net.minecraft.world.entity.EntityType] Serialization errors:
: Failed to decode value '[0b,0,5b,1b]' from field 'Motion': Input is not a list of 3 elements
[18:43:33] [Server thread/WARN]: [net.minecraft.world.entity.EntityType] Serialization errors:
: Failed to decode value '[1b,0,5b,0b]' from field 'Motion': Input is not a list of 3 elements
[18:43:33] [Server thread/WARN]: [net.minecraft.world.entity.EntityType] Serialization errors:
: Failed to decode value '[-1b,0,5b,0b]' from field 'Motion': Input is not a list of 3 elements
[18:43:33] [Server thread/WARN]: [net.minecraft.world.entity.EntityType] Serialization errors:
: Failed to decode value '[0b,0,5b,1b]' from field 'Motion': Input is not a list of 3 elements
[18:43:33] [Server thread/WARN]: [net.minecraft.world.entity.EntityType] Serialization errors:
: Failed to decode value '[1b,0,5b,0b]' from field 'Motion': Input is not a list of 3 elements
[18:43:33] [Server thread/WARN]: [net.minecraft.world.entity.EntityType] Serialization errors:
: Failed to decode value '[-1b,0,5b,0b]' from field 'Motion': Input is not a list of 3 elements
[18:43:33] [Server thread/WARN]: [net.minecraft.world.entity.EntityType] Serialization errors:
: Failed to decode value '[0b,0,5b,1b]' from field 'Motion': Input is not a list of 3 elements
[18:43:33] [Server thread/WARN]: [net.minecraft.world.entity.EntityType] Serialization errors:
: Failed to decode value '[1b,0,5b,0b]' from field 'Motion': Input is not a list of 3 elements
[18:43:33] [Server thread/WARN]: [net.minecraft.world.entity.EntityType] Serialization errors:
: Failed to decode value '[-1b,0,5b,0b]' from field 'Motion': Input is not a list of 3 elements
[18:43:33] [Server thread/WARN]: [net.minecraft.world.entity.EntityType] Serialization errors:
: Failed to decode value '[0b,0,5b,1b]' from field 'Motion': Input is not a list of 3 elements
[18:43:33] [Server thread/WARN]: [net.minecraft.world.entity.EntityType] Serialization errors:
: Failed to decode value '[1b,0,5b,0b]' from field 'Motion': Input is not a list of 3 elements
[18:43:33] [Server thread/WARN]: [net.minecraft.world.entity.EntityType] Serialization errors:
: Failed to decode value '[-1b,0,5b,0b]' from field 'Motion': Input is not a list of 3 elements
[18:43:34] [Server thread/WARN]: [net.minecraft.world.entity.EntityType] Serialization errors:
: Failed to decode value '[0b,0,5b,1b]' from field 'Motion': Input is not a list of 3 elements
[18:43:34] [Server thread/WARN]: [net.minecraft.world.entity.EntityType] Serialization errors:
: Failed to decode value '[1b,0,5b,0b]' from field 'Motion': Input is not a list of 3 elements
[18:43:34] [Server thread/WARN]: [net.minecraft.world.entity.EntityType] Serialization errors:
: Failed to decode value '[-1b,0,5b,0b]' from field 'Motion': Input is not a list of 3 elements
[18:43:34] [Server thread/WARN]: [net.minecraft.world.entity.EntityType] Serialization errors:
: Failed to decode value '[0b,0,5b,1b]' from field 'Motion': Input is not a list of 3 elements
[18:43:34] [Server thread/WARN]: [net.minecraft.world.entity.EntityType] Serialization errors:
: Failed to decode value '[1b,0,5b,0b]' from field 'Motion': Input is not a list of 3 elements
[18:43:34] [Server thread/WARN]: [net.minecraft.world.entity.EntityType] Serialization errors:
: Failed to decode value '[-1b,0,5b,0b]' from field 'Motion': Input is not a list of 3 elements
[18:43:34] [Server thread/WARN]: [net.minecraft.world.entity.EntityType] Serialization errors:
: Failed to decode value '[0b,0,5b,1b]' from field 'Motion': Input is not a list of 3 elements
[18:43:34] [Server thread/WARN]: [net.minecraft.world.entity.EntityType] Serialization errors:
: Failed to decode value '[1b,0,5b,0b]' from field 'Motion': Input is not a list of 3 elements
[18:43:34] [Server thread/WARN]: [net.minecraft.world.entity.EntityType] Serialization errors:
: Failed to decode value '[-1b,0,5b,0b]' from field 'Motion': Input is not a list of 3 elements
[18:43:34] [Server thread/WARN]: [net.minecraft.world.entity.EntityType] Serialization errors:
: Failed to decode value '[0b,0,5b,1b]' from field 'Motion': Input is not a list of 3 elements
[18:43:34] [Server thread/WARN]: [net.minecraft.world.entity.EntityType] Serialization errors:
: Failed to decode value '[1b,0,5b,0b]' from field 'Motion': Input is not a list of 3 elements
[18:43:34] [Server thread/WARN]: [net.minecraft.world.entity.EntityType] Serialization errors:
: Failed to decode value '[-1b,0,5b,0b]' from field 'Motion': Input is not a list of 3 elements
[18:43:34] [Server thread/WARN]: [net.minecraft.world.entity.EntityType] Serialization errors:
: Failed to decode value '[0b,0,5b,1b]' from field 'Motion': Input is not a list of 3 elements
[18:43:34] [Server thread/WARN]: [net.minecraft.world.entity.EntityType] Serialization errors:
: Failed to decode value '[1b,0,5b,0b]' from field 'Motion': Input is not a list of 3 elements
[18:43:34] [Server thread/WARN]: [net.minecraft.world.entity.EntityType] Serialization errors:
: Failed to decode value '[-1b,0,5b,0b]' from field 'Motion': Input is not a list of 3 elements
[18:43:40] [Server thread/WARN]: [net.minecraft.world.entity.EntityType] Serialization errors:
: Failed to decode value '[0b,0,5b,1b]' from field 'Motion': Input is not a list of 3 elements
[18:43:40] [Server thread/WARN]: [net.minecraft.world.entity.EntityType] Serialization errors:
: Failed to decode value '[1b,0,5b,0b]' from field 'Motion': Input is not a list of 3 elements
[18:43:40] [Server thread/WARN]: [net.minecraft.world.entity.EntityType] Serialization errors:
: Failed to decode value '[-1b,0,5b,0b]' from field 'Motion': Input is not a list of 3 elements
[18:43:40] [Server thread/WARN]: [net.minecraft.world.entity.EntityType] Serialization errors:
: Failed to decode value '[0b,0,5b,1b]' from field 'Motion': Input is not a list of 3 elements
[18:43:40] [Server thread/WARN]: [net.minecraft.world.entity.EntityType] Serialization errors:
: Failed to decode value '[1b,0,5b,0b]' from field 'Motion': Input is not a list of 3 elements
[18:43:40] [Server thread/WARN]: [net.minecraft.world.entity.EntityType] Serialization errors:
: Failed to decode value '[-1b,0,5b,0b]' from field 'Motion': Input is not a list of 3 elements
[18:43:40] [Server thread/WARN]: [net.minecraft.world.entity.EntityType] Serialization errors:
: Failed to decode value '[0b,0,5b,1b]' from field 'Motion': Input is not a list of 3 elements
[18:43:40] [Server thread/WARN]: [net.minecraft.world.entity.EntityType] Serialization errors:
: Failed to decode value '[1b,0,5b,0b]' from field 'Motion': Input is not a list of 3 elements
[18:43:40] [Server thread/WARN]: [net.minecraft.world.entity.EntityType] Serialization errors:
: Failed to decode value '[-1b,0,5b,0b]' from field 'Motion': Input is not a list of 3 elements
[18:43:40] [Server thread/WARN]: [net.minecraft.world.entity.EntityType] Serialization errors:
: Failed to decode value '[0b,0,5b,1b]' from field 'Motion': Input is not a list of 3 elements
[18:43:40] [Server thread/WARN]: [net.minecraft.world.entity.EntityType] Serialization errors:
: Failed to decode value '[1b,0,5b,0b]' from field 'Motion': Input is not a list of 3 elements
[18:43:40] [Server thread/WARN]: [net.minecraft.world.entity.EntityType] Serialization errors:
: Failed to decode value '[-1b,0,5b,0b]' from field 'Motion': Input is not a list of 3 elements
[18:43:40] [Server thread/WARN]: [net.minecraft.world.entity.EntityType] Serialization errors:
: Failed to decode value '[0b,0,5b,1b]' from field 'Motion': Input is not a list of 3 elements
[18:43:40] [Server thread/WARN]: [net.minecraft.world.entity.EntityType] Serialization errors:
: Failed to decode value '[1b,0,5b,0b]' from field 'Motion': Input is not a list of 3 elements
[18:43:40] [Server thread/WARN]: [net.minecraft.world.entity.EntityType] Serialization errors:
: Failed to decode value '[-1b,0,5b,0b]' from field 'Motion': Input is not a list of 3 elements
[18:43:40] [Server thread/WARN]: [net.minecraft.world.entity.EntityType] Serialization errors:
: Failed to decode value '[0b,0,5b,1b]' from field 'Motion': Input is not a list of 3 elements
[18:43:40] [Server thread/WARN]: [net.minecraft.world.entity.EntityType] Serialization errors:
: Failed to decode value '[1b,0,5b,0b]' from field 'Motion': Input is not a list of 3 elements
[18:43:40] [Server thread/WARN]: [net.minecraft.world.entity.EntityType] Serialization errors:
: Failed to decode value '[-1b,0,5b,0b]' from field 'Motion': Input is not a list of 3 elements
[18:43:45] [Server thread/INFO]: Xautral issued server command: /tp 0 0 0 0
